id,sender_id,receiver_id,content,content_type,timestamp,status
1,8742cdd5-1610-4472-b3dc-de4d54223d77,bb461247-b0a6-4dcd-b18d-16cddb605a3e,Have a great day!,TEXT,2025-02-22 18:45:10.817,DELIVERED
2,d26b7a65-19a4-4143-a8b2-3ce289b06405,ff1f145b-9dd1-447c-91af-7502c17775e3,Let's meet tomorrow.,TEXT,2025-03-12 12:24:10.817,PENDING
3,d26b7a65-19a4-4143-a8b2-3ce289b06405,bb461247-b0a6-4dcd-b18d-16cddb605a3e,What's up?,TEXT,2025-03-06 19:51:10.817,DELIVERED
4,8742cdd5-1610-4472-b3dc-de4d54223d77,ff1f145b-9dd1-447c-91af-7502c17775e3,I'll be there in 10 mins.,TEXT,2025-02-11 13:19:10.817,DELETED
5,8742cdd5-1610-4472-b3dc-de4d54223d77,bb461247-b0a6-4dcd-b18d-16cddb605a3e,See you later.,TEXT,2025-03-10 17:04:10.817,PENDING
6,bb461247-b0a6-4dcd-b18d-16cddb605a3e,ba1a10af-b0b8-4cb3-8e45-301986fc6d4b,What's up?,TEXT,2025-03-06 01:39:10.817,READ
7,ff1f145b-9dd1-447c-91af-7502c17775e3,8742cdd5-1610-4472-b3dc-de4d54223d77,I'll be there in 10 mins.,TEXT,2025-02-12 06:42:10.817,READ
8,d26b7a65-19a4-4143-a8b2-3ce289b06405,bb461247-b0a6-4dcd-b18d-16cddb605a3e,I'll be there in 10 mins.,TEXT,2025-02-25 21:57:10.817,PENDING
9,e12d414f-869e-4944-b7fc-92bad20398a3,b3dc9dcd-7883-4fd9-b5bd-08a0496aeafe,Good morning!,TEXT,2025-02-23 15:00:10.817,PENDING
10,ff1f145b-9dd1-447c-91af-7502c17775e3,8742cdd5-1610-4472-b3dc-de4d54223d77,Let's meet tomorrow.,TEXT,2025-03-07 15:40:10.817,DELETED
11,bb461247-b0a6-4dcd-b18d-16cddb605a3e,e12d414f-869e-4944-b7fc-92bad20398a3,Have a great day!,TEXT,2025-03-01 22:55:10.817,PENDING
12,e12d414f-869e-4944-b7fc-92bad20398a3,ba1a10af-b0b8-4cb3-8e45-301986fc6d4b,Good night!,TEXT,2025-03-09 19:56:10.817,DELIVERED
13,e12d414f-869e-4944-b7fc-92bad20398a3,bb461247-b0a6-4dcd-b18d-16cddb605a3e,Let's meet tomorrow.,TEXT,2025-03-06 07:48:10.817,READ
14,b3dc9dcd-7883-4fd9-b5bd-08a0496aeafe,e12d414f-869e-4944-b7fc-92bad20398a3,What's up?,TEXT,2025-03-06 15:12:10.817,DELETED
15,ba1a10af-b0b8-4cb3-8e45-301986fc6d4b,ff1f145b-9dd1-447c-91af-7502c17775e3,Let's meet tomorrow.,TEXT,2025-03-10 12:48:10.817,DELETED
16,d26b7a65-19a4-4143-a8b2-3ce289b06405,e12d414f-869e-4944-b7fc-92bad20398a3,"Hey, how are you?",TEXT,2025-03-04 10:54:10.817,READ
17,d26b7a65-19a4-4143-a8b2-3ce289b06405,b3dc9dcd-7883-4fd9-b5bd-08a0496aeafe,Good night!,TEXT,2025-03-10 21:43:10.817,DELETED
18,d26b7a65-19a4-4143-a8b2-3ce289b06405,ba1a10af-b0b8-4cb3-8e45-301986fc6d4b,Have a great day!,TEXT,2025-02-19 01:42:10.817,DELIVERED
19,ff1f145b-9dd1-447c-91af-7502c17775e3,ba1a10af-b0b8-4cb3-8e45-301986fc6d4b,Take care!,TEXT,2025-02-22 13:27:10.817,DELETED
20,ba1a10af-b0b8-4cb3-8e45-301986fc6d4b,b3dc9dcd-7883-4fd9-b5bd-08a0496aeafe,Congratulations on your achievement!,TEXT,2025-03-10 18:38:10.817,PENDING
21,bb461247-b0a6-4dcd-b18d-16cddb605a3e,ff1f145b-9dd1-447c-91af-7502c17775e3,What's up?,TEXT,2025-02-18 00:06:10.817,DELIVERED
22,ba1a10af-b0b8-4cb3-8e45-301986fc6d4b,e12d414f-869e-4944-b7fc-92bad20398a3,Good morning!,TEXT,2025-02-16 17:12:10.817,DELETED
23,bb461247-b0a6-4dcd-b18d-16cddb605a3e,ff1f145b-9dd1-447c-91af-7502c17775e3,Have a great day!,TEXT,2025-02-27 23:15:10.817,PENDING
24,b3dc9dcd-7883-4fd9-b5bd-08a0496aeafe,ba1a10af-b0b8-4cb3-8e45-301986fc6d4b,I'll be there in 10 mins.,TEXT,2025-02-20 10:36:10.817,READ
25,d26b7a65-19a4-4143-a8b2-3ce289b06405,8742cdd5-1610-4472-b3dc-de4d54223d77,Take care!,TEXT,2025-02-22 22:25:10.817,DELIVERED
26,ba1a10af-b0b8-4cb3-8e45-301986fc6d4b,b3dc9dcd-7883-4fd9-b5bd-08a0496aeafe,See you later.,TEXT,2025-02-11 20:42:10.817,DELETED
27,e12d414f-869e-4944-b7fc-92bad20398a3,8742cdd5-1610-4472-b3dc-de4d54223d77,Take care!,TEXT,2025-02-23 20:46:10.817,PENDING
28,bb461247-b0a6-4dcd-b18d-16cddb605a3e,b3dc9dcd-7883-4fd9-b5bd-08a0496aeafe,Happy Birthday!,TEXT,2025-02-14 21:23:10.817,READ
29,e12d414f-869e-4944-b7fc-92bad20398a3,ff1f145b-9dd1-447c-91af-7502c17775e3,Take care!,TEXT,2025-03-03 06:43:10.817,PENDING
30,bb461247-b0a6-4dcd-b18d-16cddb605a3e,b3dc9dcd-7883-4fd9-b5bd-08a0496aeafe,Happy Birthday!,TEXT,2025-02-14 04:21:10.817,READ
31,8742cdd5-1610-4472-b3dc-de4d54223d77,e12d414f-869e-4944-b7fc-92bad20398a3,Good morning!,TEXT,2025-03-04 05:23:10.817,DELETED
32,b3dc9dcd-7883-4fd9-b5bd-08a0496aeafe,8742cdd5-1610-4472-b3dc-de4d54223d77,"Hey, how are you?",TEXT,2025-03-08 04:10:10.817,READ
33,ff1f145b-9dd1-447c-91af-7502c17775e3,d26b7a65-19a4-4143-a8b2-3ce289b06405,Let's meet tomorrow.,TEXT,2025-02-21 01:03:10.817,READ
34,e12d414f-869e-4944-b7fc-92bad20398a3,ba1a10af-b0b8-4cb3-8e45-301986fc6d4b,What's up?,TEXT,2025-02-25 08:56:10.817,DELIVERED
35,ba1a10af-b0b8-4cb3-8e45-301986fc6d4b,b3dc9dcd-7883-4fd9-b5bd-08a0496aeafe,Good night!,TEXT,2025-02-27 09:01:10.817,READ
36,bb461247-b0a6-4dcd-b18d-16cddb605a3e,b3dc9dcd-7883-4fd9-b5bd-08a0496aeafe,Good night!,TEXT,2025-03-02 11:46:10.817,DELETED
37,ff1f145b-9dd1-447c-91af-7502c17775e3,ba1a10af-b0b8-4cb3-8e45-301986fc6d4b,Call me when you're free.,TEXT,2025-03-07 19:02:10.817,READ
38,d26b7a65-19a4-4143-a8b2-3ce289b06405,e12d414f-869e-4944-b7fc-92bad20398a3,Did you complete the task?,TEXT,2025-02-12 08:14:10.817,DELETED
39,ba1a10af-b0b8-4cb3-8e45-301986fc6d4b,bb461247-b0a6-4dcd-b18d-16cddb605a3e,"Hey, how are you?",TEXT,2025-02-19 17:07:10.817,READ
40,d26b7a65-19a4-4143-a8b2-3ce289b06405,e12d414f-869e-4944-b7fc-92bad20398a3,Call me when you're free.,TEXT,2025-02-24 04:24:10.817,DELETED
41,8742cdd5-1610-4472-b3dc-de4d54223d77,ff1f145b-9dd1-447c-91af-7502c17775e3,Congratulations on your achievement!,TEXT,2025-02-17 05:20:10.817,DELETED
42,d26b7a65-19a4-4143-a8b2-3ce289b06405,e12d414f-869e-4944-b7fc-92bad20398a3,Did you complete the task?,TEXT,2025-02-10 18:18:10.817,PENDING
43,ba1a10af-b0b8-4cb3-8e45-301986fc6d4b,b3dc9dcd-7883-4fd9-b5bd-08a0496aeafe,See you later.,TEXT,2025-02-10 21:57:10.817,READ
44,b3dc9dcd-7883-4fd9-b5bd-08a0496aeafe,bb461247-b0a6-4dcd-b18d-16cddb605a3e,Good night!,TEXT,2025-03-03 05:18:10.817,PENDING
45,e12d414f-869e-4944-b7fc-92bad20398a3,ba1a10af-b0b8-4cb3-8e45-301986fc6d4b,Where are you?,TEXT,2025-02-17 00:56:10.817,READ
46,ff1f145b-9dd1-447c-91af-7502c17775e3,b3dc9dcd-7883-4fd9-b5bd-08a0496aeafe,"Hey, how are you?",TEXT,2025-03-12 08:17:10.817,DELETED
47,d26b7a65-19a4-4143-a8b2-3ce289b06405,ba1a10af-b0b8-4cb3-8e45-301986fc6d4b,See you later.,TEXT,2025-02-16 04:26:10.817,DELIVERED
48,ba1a10af-b0b8-4cb3-8e45-301986fc6d4b,ff1f145b-9dd1-447c-91af-7502c17775e3,Let's meet tomorrow.,TEXT,2025-02-14 15:51:10.817,DELIVERED
49,d26b7a65-19a4-4143-a8b2-3ce289b06405,8742cdd5-1610-4472-b3dc-de4d54223d77,Let's go for lunch.,TEXT,2025-02-26 18:21:10.817,DELIVERED
50,ba1a10af-b0b8-4cb3-8e45-301986fc6d4b,bb461247-b0a6-4dcd-b18d-16cddb605a3e,"Hey, how are you?",TEXT,2025-02-26 19:59:10.817,READ
51,b3dc9dcd-7883-4fd9-b5bd-08a0496aeafe,d26b7a65-19a4-4143-a8b2-3ce289b06405,Good night!,TEXT,2025-03-12 03:38:10.817,DELIVERED
52,ba1a10af-b0b8-4cb3-8e45-301986fc6d4b,e12d414f-869e-4944-b7fc-92bad20398a3,I'll be there in 10 mins.,TEXT,2025-02-13 05:47:10.817,PENDING
53,e12d414f-869e-4944-b7fc-92bad20398a3,8742cdd5-1610-4472-b3dc-de4d54223d77,See you later.,TEXT,2025-03-10 14:22:10.817,PENDING
54,ba1a10af-b0b8-4cb3-8e45-301986fc6d4b,ff1f145b-9dd1-447c-91af-7502c17775e3,Happy Birthday!,TEXT,2025-03-09 09:46:10.817,DELETED
55,8742cdd5-1610-4472-b3dc-de4d54223d77,ba1a10af-b0b8-4cb3-8e45-301986fc6d4b,What's up?,TEXT,2025-02-24 04:33:10.817,DELIVERED
56,ba1a10af-b0b8-4cb3-8e45-301986fc6d4b,bb461247-b0a6-4dcd-b18d-16cddb605a3e,Let's go for lunch.,TEXT,2025-03-04 12:32:10.817,READ
57,ba1a10af-b0b8-4cb3-8e45-301986fc6d4b,bb461247-b0a6-4dcd-b18d-16cddb605a3e,Let's meet tomorrow.,TEXT,2025-02-11 10:01:10.817,DELIVERED
58,bb461247-b0a6-4dcd-b18d-16cddb605a3e,ff1f145b-9dd1-447c-91af-7502c17775e3,"Hey, how are you?",TEXT,2025-03-10 20:51:10.817,READ
59,ba1a10af-b0b8-4cb3-8e45-301986fc6d4b,b3dc9dcd-7883-4fd9-b5bd-08a0496aeafe,Let's meet tomorrow.,TEXT,2025-02-26 23:49:10.817,PENDING
60,bb461247-b0a6-4dcd-b18d-16cddb605a3e,b3dc9dcd-7883-4fd9-b5bd-08a0496aeafe,Take care!,TEXT,2025-02-27 10:01:10.817,READ
61,8742cdd5-1610-4472-b3dc-de4d54223d77,d26b7a65-19a4-4143-a8b2-3ce289b06405,Take care!,TEXT,2025-02-14 07:48:10.817,READ
62,ba1a10af-b0b8-4cb3-8e45-301986fc6d4b,e12d414f-869e-4944-b7fc-92bad20398a3,Let's go for lunch.,TEXT,2025-02-13 18:47:10.817,READ
63,bb461247-b0a6-4dcd-b18d-16cddb605a3e,ff1f145b-9dd1-447c-91af-7502c17775e3,Call me when you're free.,TEXT,2025-02-18 02:54:10.817,DELETED
64,8742cdd5-1610-4472-b3dc-de4d54223d77,b3dc9dcd-7883-4fd9-b5bd-08a0496aeafe,Good night!,TEXT,2025-02-19 00:43:10.817,READ
65,e12d414f-869e-4944-b7fc-92bad20398a3,8742cdd5-1610-4472-b3dc-de4d54223d77,Good morning!,TEXT,2025-03-09 12:49:10.817,PENDING
66,d26b7a65-19a4-4143-a8b2-3ce289b06405,8742cdd5-1610-4472-b3dc-de4d54223d77,Take care!,TEXT,2025-02-10 17:04:10.817,READ
67,ff1f145b-9dd1-447c-91af-7502c17775e3,b3dc9dcd-7883-4fd9-b5bd-08a0496aeafe,I'll be there in 10 mins.,TEXT,2025-02-27 17:17:10.817,DELETED
68,bb461247-b0a6-4dcd-b18d-16cddb605a3e,ff1f145b-9dd1-447c-91af-7502c17775e3,Where are you?,TEXT,2025-02-25 13:53:10.817,DELETED
69,bb461247-b0a6-4dcd-b18d-16cddb605a3e,ba1a10af-b0b8-4cb3-8e45-301986fc6d4b,Congratulations on your achievement!,TEXT,2025-03-10 13:54:10.817,READ
70,b3dc9dcd-7883-4fd9-b5bd-08a0496aeafe,ba1a10af-b0b8-4cb3-8e45-301986fc6d4b,Let's go for lunch.,TEXT,2025-02-17 01:23:10.817,DELIVERED
71,ba1a10af-b0b8-4cb3-8e45-301986fc6d4b,b3dc9dcd-7883-4fd9-b5bd-08a0496aeafe,"Hey, how are you?",TEXT,2025-02-17 15:28:10.817,DELIVERED
72,ff1f145b-9dd1-447c-91af-7502c17775e3,8742cdd5-1610-4472-b3dc-de4d54223d77,Happy Birthday!,TEXT,2025-03-12 14:02:10.817,READ
73,b3dc9dcd-7883-4fd9-b5bd-08a0496aeafe,bb461247-b0a6-4dcd-b18d-16cddb605a3e,Congratulations on your achievement!,TEXT,2025-02-23 08:50:10.817,DELIVERED
74,b3dc9dcd-7883-4fd9-b5bd-08a0496aeafe,bb461247-b0a6-4dcd-b18d-16cddb605a3e,"Hey, how are you?",TEXT,2025-03-06 07:52:10.817,DELETED
75,d26b7a65-19a4-4143-a8b2-3ce289b06405,b3dc9dcd-7883-4fd9-b5bd-08a0496aeafe,What's up?,TEXT,2025-02-14 23:26:10.817,PENDING
76,8742cdd5-1610-4472-b3dc-de4d54223d77,b3dc9dcd-7883-4fd9-b5bd-08a0496aeafe,Where are you?,TEXT,2025-02-28 14:21:10.817,PENDING
77,e12d414f-869e-4944-b7fc-92bad20398a3,ff1f145b-9dd1-447c-91af-7502c17775e3,Good night!,TEXT,2025-02-20 01:35:10.817,PENDING
78,e12d414f-869e-4944-b7fc-92bad20398a3,8742cdd5-1610-4472-b3dc-de4d54223d77,I'll be there in 10 mins.,TEXT,2025-03-01 14:33:10.817,DELETED
79,ba1a10af-b0b8-4cb3-8e45-301986fc6d4b,ff1f145b-9dd1-447c-91af-7502c17775e3,Happy Birthday!,TEXT,2025-02-18 19:34:10.817,DELETED
80,ff1f145b-9dd1-447c-91af-7502c17775e3,b3dc9dcd-7883-4fd9-b5bd-08a0496aeafe,Did you complete the task?,TEXT,2025-03-03 15:52:10.817,PENDING
81,bb461247-b0a6-4dcd-b18d-16cddb605a3e,8742cdd5-1610-4472-b3dc-de4d54223d77,"Hey, how are you?",TEXT,2025-03-09 20:17:10.817,PENDING
82,ba1a10af-b0b8-4cb3-8e45-301986fc6d4b,bb461247-b0a6-4dcd-b18d-16cddb605a3e,Good night!,TEXT,2025-02-15 07:52:10.817,PENDING
83,d26b7a65-19a4-4143-a8b2-3ce289b06405,e12d414f-869e-4944-b7fc-92bad20398a3,Have a great day!,TEXT,2025-02-21 19:25:10.817,DELETED
84,e12d414f-869e-4944-b7fc-92bad20398a3,bb461247-b0a6-4dcd-b18d-16cddb605a3e,Where are you?,TEXT,2025-03-04 00:46:10.817,PENDING
85,bb461247-b0a6-4dcd-b18d-16cddb605a3e,d26b7a65-19a4-4143-a8b2-3ce289b06405,Let's go for lunch.,TEXT,2025-02-22 21:23:10.817,DELETED
86,8742cdd5-1610-4472-b3dc-de4d54223d77,b3dc9dcd-7883-4fd9-b5bd-08a0496aeafe,See you later.,TEXT,2025-02-19 19:01:10.817,DELETED
87,d26b7a65-19a4-4143-a8b2-3ce289b06405,ff1f145b-9dd1-447c-91af-7502c17775e3,"Hey, how are you?",TEXT,2025-03-06 04:13:10.817,DELETED
88,d26b7a65-19a4-4143-a8b2-3ce289b06405,8742cdd5-1610-4472-b3dc-de4d54223d77,Did you complete the task?,TEXT,2025-02-16 21:09:10.817,DELIVERED
89,d26b7a65-19a4-4143-a8b2-3ce289b06405,b3dc9dcd-7883-4fd9-b5bd-08a0496aeafe,Good morning!,TEXT,2025-03-10 18:49:10.817,DELIVERED
90,ff1f145b-9dd1-447c-91af-7502c17775e3,ba1a10af-b0b8-4cb3-8e45-301986fc6d4b,Let's meet tomorrow.,TEXT,2025-03-01 22:48:10.817,READ
91,ff1f145b-9dd1-447c-91af-7502c17775e3,ba1a10af-b0b8-4cb3-8e45-301986fc6d4b,Good night!,TEXT,2025-02-14 18:16:10.817,DELIVERED
92,d26b7a65-19a4-4143-a8b2-3ce289b06405,8742cdd5-1610-4472-b3dc-de4d54223d77,Call me when you're free.,TEXT,2025-03-04 03:13:10.817,DELIVERED
93,ff1f145b-9dd1-447c-91af-7502c17775e3,b3dc9dcd-7883-4fd9-b5bd-08a0496aeafe,Happy Birthday!,TEXT,2025-03-11 08:26:10.817,DELETED
94,bb461247-b0a6-4dcd-b18d-16cddb605a3e,e12d414f-869e-4944-b7fc-92bad20398a3,"Hey, how are you?",TEXT,2025-02-26 11:03:10.817,READ
95,8742cdd5-1610-4472-b3dc-de4d54223d77,ba1a10af-b0b8-4cb3-8e45-301986fc6d4b,See you later.,TEXT,2025-03-03 04:50:10.817,DELIVERED
96,ba1a10af-b0b8-4cb3-8e45-301986fc6d4b,ff1f145b-9dd1-447c-91af-7502c17775e3,Good night!,TEXT,2025-03-04 19:39:10.817,READ
97,ba1a10af-b0b8-4cb3-8e45-301986fc6d4b,ff1f145b-9dd1-447c-91af-7502c17775e3,What's up?,TEXT,2025-03-12 14:06:10.817,PENDING
98,bb461247-b0a6-4dcd-b18d-16cddb605a3e,d26b7a65-19a4-4143-a8b2-3ce289b06405,Let's meet tomorrow.,TEXT,2025-02-15 17:06:10.817,PENDING
99,bb461247-b0a6-4dcd-b18d-16cddb605a3e,e12d414f-869e-4944-b7fc-92bad20398a3,Did you complete the task?,TEXT,2025-03-04 19:34:10.817,DELIVERED
100,8742cdd5-1610-4472-b3dc-de4d54223d77,b3dc9dcd-7883-4fd9-b5bd-08a0496aeafe,Good morning!,TEXT,2025-03-05 23:50:10.817,DELIVERED
101,ff1f145b-9dd1-447c-91af-7502c17775e3,d26b7a65-19a4-4143-a8b2-3ce289b06405,Congratulations on your achievement!,TEXT,2025-03-09 14:06:10.817,PENDING
102,ff1f145b-9dd1-447c-91af-7502c17775e3,ba1a10af-b0b8-4cb3-8e45-301986fc6d4b,Take care!,TEXT,2025-03-04 05:02:10.817,DELIVERED
103,8742cdd5-1610-4472-b3dc-de4d54223d77,ba1a10af-b0b8-4cb3-8e45-301986fc6d4b,I'll be there in 10 mins.,TEXT,2025-02-21 15:02:10.817,DELETED
104,8742cdd5-1610-4472-b3dc-de4d54223d77,d26b7a65-19a4-4143-a8b2-3ce289b06405,Call me when you're free.,TEXT,2025-02-24 05:57:10.817,READ
105,b3dc9dcd-7883-4fd9-b5bd-08a0496aeafe,bb461247-b0a6-4dcd-b18d-16cddb605a3e,I'll be there in 10 mins.,TEXT,2025-02-16 23:44:10.817,PENDING
106,d26b7a65-19a4-4143-a8b2-3ce289b06405,bb461247-b0a6-4dcd-b18d-16cddb605a3e,What's up?,TEXT,2025-02-12 17:17:10.817,PENDING
107,d26b7a65-19a4-4143-a8b2-3ce289b06405,e12d414f-869e-4944-b7fc-92bad20398a3,Good morning!,TEXT,2025-03-03 15:29:10.817,PENDING
108,d26b7a65-19a4-4143-a8b2-3ce289b06405,e12d414f-869e-4944-b7fc-92bad20398a3,Let's meet tomorrow.,TEXT,2025-02-28 13:24:10.817,DELIVERED
109,ba1a10af-b0b8-4cb3-8e45-301986fc6d4b,b3dc9dcd-7883-4fd9-b5bd-08a0496aeafe,Let's go for lunch.,TEXT,2025-03-06 04:08:10.817,DELIVERED
110,d26b7a65-19a4-4143-a8b2-3ce289b06405,b3dc9dcd-7883-4fd9-b5bd-08a0496aeafe,Let's go for lunch.,TEXT,2025-02-27 10:51:10.817,PENDING
111,b3dc9dcd-7883-4fd9-b5bd-08a0496aeafe,bb461247-b0a6-4dcd-b18d-16cddb605a3e,What's up?,TEXT,2025-03-02 22:57:10.817,PENDING
112,ba1a10af-b0b8-4cb3-8e45-301986fc6d4b,e12d414f-869e-4944-b7fc-92bad20398a3,Good night!,TEXT,2025-02-19 16:24:10.817,READ
113,b3dc9dcd-7883-4fd9-b5bd-08a0496aeafe,d26b7a65-19a4-4143-a8b2-3ce289b06405,I'll be there in 10 mins.,TEXT,2025-03-07 03:58:10.817,READ
114,b3dc9dcd-7883-4fd9-b5bd-08a0496aeafe,e12d414f-869e-4944-b7fc-92bad20398a3,What's up?,TEXT,2025-02-17 21:58:10.817,DELETED
115,d26b7a65-19a4-4143-a8b2-3ce289b06405,e12d414f-869e-4944-b7fc-92bad20398a3,"Hey, how are you?",TEXT,2025-02-21 22:04:10.817,PENDING
116,e12d414f-869e-4944-b7fc-92bad20398a3,bb461247-b0a6-4dcd-b18d-16cddb605a3e,Have a great day!,TEXT,2025-02-14 20:13:10.817,DELETED
117,8742cdd5-1610-4472-b3dc-de4d54223d77,b3dc9dcd-7883-4fd9-b5bd-08a0496aeafe,What's up?,TEXT,2025-03-01 06:38:10.817,DELETED
118,ff1f145b-9dd1-447c-91af-7502c17775e3,bb461247-b0a6-4dcd-b18d-16cddb605a3e,Good night!,TEXT,2025-02-28 18:03:10.817,DELIVERED
119,bb461247-b0a6-4dcd-b18d-16cddb605a3e,e12d414f-869e-4944-b7fc-92bad20398a3,Congratulations on your achievement!,TEXT,2025-03-09 11:13:10.817,PENDING
120,b3dc9dcd-7883-4fd9-b5bd-08a0496aeafe,d26b7a65-19a4-4143-a8b2-3ce289b06405,Take care!,TEXT,2025-02-26 14:42:10.817,PENDING
121,d26b7a65-19a4-4143-a8b2-3ce289b06405,8742cdd5-1610-4472-b3dc-de4d54223d77,"Hey, how are you?",TEXT,2025-03-09 13:21:10.817,DELIVERED
122,e12d414f-869e-4944-b7fc-92bad20398a3,d26b7a65-19a4-4143-a8b2-3ce289b06405,"Hey, how are you?",TEXT,2025-03-07 21:04:10.817,READ
123,e12d414f-869e-4944-b7fc-92bad20398a3,bb461247-b0a6-4dcd-b18d-16cddb605a3e,See you later.,TEXT,2025-03-10 21:56:10.817,READ
124,e12d414f-869e-4944-b7fc-92bad20398a3,bb461247-b0a6-4dcd-b18d-16cddb605a3e,Congratulations on your achievement!,TEXT,2025-02-12 22:04:10.817,DELIVERED
125,ff1f145b-9dd1-447c-91af-7502c17775e3,8742cdd5-1610-4472-b3dc-de4d54223d77,I'll be there in 10 mins.,TEXT,2025-02-24 07:26:10.817,PENDING
126,8742cdd5-1610-4472-b3dc-de4d54223d77,d26b7a65-19a4-4143-a8b2-3ce289b06405,What's up?,TEXT,2025-03-09 09:08:10.817,DELETED
127,8742cdd5-1610-4472-b3dc-de4d54223d77,ff1f145b-9dd1-447c-91af-7502c17775e3,Take care!,TEXT,2025-02-19 02:36:10.817,PENDING
128,bb461247-b0a6-4dcd-b18d-16cddb605a3e,8742cdd5-1610-4472-b3dc-de4d54223d77,What's up?,TEXT,2025-03-08 18:40:10.817,PENDING
129,b3dc9dcd-7883-4fd9-b5bd-08a0496aeafe,ff1f145b-9dd1-447c-91af-7502c17775e3,Good night!,TEXT,2025-03-12 04:02:10.817,DELIVERED
130,b3dc9dcd-7883-4fd9-b5bd-08a0496aeafe,8742cdd5-1610-4472-b3dc-de4d54223d77,Where are you?,TEXT,2025-02-23 02:08:10.817,READ
131,b3dc9dcd-7883-4fd9-b5bd-08a0496aeafe,ff1f145b-9dd1-447c-91af-7502c17775e3,Happy Birthday!,TEXT,2025-03-09 02:50:10.817,DELIVERED
132,b3dc9dcd-7883-4fd9-b5bd-08a0496aeafe,ba1a10af-b0b8-4cb3-8e45-301986fc6d4b,Where are you?,TEXT,2025-03-05 00:37:10.817,PENDING
133,e12d414f-869e-4944-b7fc-92bad20398a3,ba1a10af-b0b8-4cb3-8e45-301986fc6d4b,Have a great day!,TEXT,2025-02-27 05:06:10.817,DELETED
134,bb461247-b0a6-4dcd-b18d-16cddb605a3e,d26b7a65-19a4-4143-a8b2-3ce289b06405,Did you complete the task?,TEXT,2025-02-17 00:57:10.817,DELETED
135,d26b7a65-19a4-4143-a8b2-3ce289b06405,ff1f145b-9dd1-447c-91af-7502c17775e3,Let's go for lunch.,TEXT,2025-02-18 09:37:10.817,PENDING
136,8742cdd5-1610-4472-b3dc-de4d54223d77,ff1f145b-9dd1-447c-91af-7502c17775e3,Where are you?,TEXT,2025-02-21 02:21:10.817,DELIVERED
137,8742cdd5-1610-4472-b3dc-de4d54223d77,d26b7a65-19a4-4143-a8b2-3ce289b06405,Congratulations on your achievement!,TEXT,2025-03-07 08:52:10.817,READ
138,e12d414f-869e-4944-b7fc-92bad20398a3,b3dc9dcd-7883-4fd9-b5bd-08a0496aeafe,Let's go for lunch.,TEXT,2025-03-01 04:05:10.817,DELIVERED
139,8742cdd5-1610-4472-b3dc-de4d54223d77,b3dc9dcd-7883-4fd9-b5bd-08a0496aeafe,Did you complete the task?,TEXT,2025-02-22 12:32:10.817,PENDING
140,e12d414f-869e-4944-b7fc-92bad20398a3,d26b7a65-19a4-4143-a8b2-3ce289b06405,What's up?,TEXT,2025-02-22 19:12:10.817,DELETED
141,ba1a10af-b0b8-4cb3-8e45-301986fc6d4b,8742cdd5-1610-4472-b3dc-de4d54223d77,Let's meet tomorrow.,TEXT,2025-02-12 05:19:10.817,PENDING
142,ff1f145b-9dd1-447c-91af-7502c17775e3,b3dc9dcd-7883-4fd9-b5bd-08a0496aeafe,What's up?,TEXT,2025-02-26 22:57:10.817,DELETED
143,d26b7a65-19a4-4143-a8b2-3ce289b06405,8742cdd5-1610-4472-b3dc-de4d54223d77,Good night!,TEXT,2025-02-24 07:01:10.817,DELETED
144,d26b7a65-19a4-4143-a8b2-3ce289b06405,8742cdd5-1610-4472-b3dc-de4d54223d77,"Hey, how are you?",TEXT,2025-02-19 09:47:10.817,DELETED
145,ba1a10af-b0b8-4cb3-8e45-301986fc6d4b,8742cdd5-1610-4472-b3dc-de4d54223d77,See you later.,TEXT,2025-02-17 19:29:10.817,READ
146,ff1f145b-9dd1-447c-91af-7502c17775e3,bb461247-b0a6-4dcd-b18d-16cddb605a3e,Take care!,TEXT,2025-02-25 10:40:10.817,PENDING
147,e12d414f-869e-4944-b7fc-92bad20398a3,8742cdd5-1610-4472-b3dc-de4d54223d77,Good night!,TEXT,2025-02-21 05:27:10.817,PENDING
148,8742cdd5-1610-4472-b3dc-de4d54223d77,ba1a10af-b0b8-4cb3-8e45-301986fc6d4b,Good morning!,TEXT,2025-02-16 02:26:10.817,READ
149,ba1a10af-b0b8-4cb3-8e45-301986fc6d4b,ff1f145b-9dd1-447c-91af-7502c17775e3,Congratulations on your achievement!,TEXT,2025-02-17 16:51:10.817,DELIVERED
150,bb461247-b0a6-4dcd-b18d-16cddb605a3e,e12d414f-869e-4944-b7fc-92bad20398a3,Let's go for lunch.,TEXT,2025-03-08 21:49:10.817,READ
151,e12d414f-869e-4944-b7fc-92bad20398a3,bb461247-b0a6-4dcd-b18d-16cddb605a3e,See you later.,TEXT,2025-03-04 05:56:10.817,PENDING
152,ff1f145b-9dd1-447c-91af-7502c17775e3,8742cdd5-1610-4472-b3dc-de4d54223d77,Let's meet tomorrow.,TEXT,2025-02-14 17:33:10.817,READ
153,bb461247-b0a6-4dcd-b18d-16cddb605a3e,b3dc9dcd-7883-4fd9-b5bd-08a0496aeafe,Have a great day!,TEXT,2025-03-05 19:44:10.817,PENDING
154,8742cdd5-1610-4472-b3dc-de4d54223d77,b3dc9dcd-7883-4fd9-b5bd-08a0496aeafe,"Hey, how are you?",TEXT,2025-02-19 02:41:10.817,DELIVERED
155,ff1f145b-9dd1-447c-91af-7502c17775e3,ba1a10af-b0b8-4cb3-8e45-301986fc6d4b,Call me when you're free.,TEXT,2025-02-10 18:04:10.817,DELIVERED
156,ba1a10af-b0b8-4cb3-8e45-301986fc6d4b,bb461247-b0a6-4dcd-b18d-16cddb605a3e,Where are you?,TEXT,2025-02-21 22:35:10.817,DELETED
157,bb461247-b0a6-4dcd-b18d-16cddb605a3e,b3dc9dcd-7883-4fd9-b5bd-08a0496aeafe,Did you complete the task?,TEXT,2025-02-24 03:44:10.817,DELETED
158,ff1f145b-9dd1-447c-91af-7502c17775e3,ba1a10af-b0b8-4cb3-8e45-301986fc6d4b,Congratulations on your achievement!,TEXT,2025-03-11 22:50:10.817,READ
159,ba1a10af-b0b8-4cb3-8e45-301986fc6d4b,b3dc9dcd-7883-4fd9-b5bd-08a0496aeafe,What's up?,TEXT,2025-02-19 14:40:10.817,PENDING
160,ff1f145b-9dd1-447c-91af-7502c17775e3,bb461247-b0a6-4dcd-b18d-16cddb605a3e,Where are you?,TEXT,2025-03-09 21:31:10.817,DELETED
161,8742cdd5-1610-4472-b3dc-de4d54223d77,bb461247-b0a6-4dcd-b18d-16cddb605a3e,Did you complete the task?,TEXT,2025-02-22 17:01:10.817,PENDING
162,ba1a10af-b0b8-4cb3-8e45-301986fc6d4b,e12d414f-869e-4944-b7fc-92bad20398a3,Let's meet tomorrow.,TEXT,2025-03-11 06:55:10.817,PENDING
163,bb461247-b0a6-4dcd-b18d-16cddb605a3e,e12d414f-869e-4944-b7fc-92bad20398a3,Good morning!,TEXT,2025-02-21 10:59:10.817,DELIVERED
164,ba1a10af-b0b8-4cb3-8e45-301986fc6d4b,d26b7a65-19a4-4143-a8b2-3ce289b06405,What's up?,TEXT,2025-03-08 09:14:10.817,DELETED
165,ba1a10af-b0b8-4cb3-8e45-301986fc6d4b,8742cdd5-1610-4472-b3dc-de4d54223d77,Call me when you're free.,TEXT,2025-03-09 16:43:10.817,DELETED
166,e12d414f-869e-4944-b7fc-92bad20398a3,8742cdd5-1610-4472-b3dc-de4d54223d77,What's up?,TEXT,2025-03-11 20:41:10.817,DELETED
167,ba1a10af-b0b8-4cb3-8e45-301986fc6d4b,bb461247-b0a6-4dcd-b18d-16cddb605a3e,Good morning!,TEXT,2025-02-15 17:42:10.817,READ
168,8742cdd5-1610-4472-b3dc-de4d54223d77,b3dc9dcd-7883-4fd9-b5bd-08a0496aeafe,"Hey, how are you?",TEXT,2025-02-21 21:35:10.817,PENDING
169,d26b7a65-19a4-4143-a8b2-3ce289b06405,ff1f145b-9dd1-447c-91af-7502c17775e3,I'll be there in 10 mins.,TEXT,2025-03-09 22:40:10.817,DELETED
170,b3dc9dcd-7883-4fd9-b5bd-08a0496aeafe,d26b7a65-19a4-4143-a8b2-3ce289b06405,I'll be there in 10 mins.,TEXT,2025-03-05 10:49:10.817,DELIVERED
171,b3dc9dcd-7883-4fd9-b5bd-08a0496aeafe,ff1f145b-9dd1-447c-91af-7502c17775e3,"Hey, how are you?",TEXT,2025-03-06 12:36:10.817,PENDING
172,ba1a10af-b0b8-4cb3-8e45-301986fc6d4b,ff1f145b-9dd1-447c-91af-7502c17775e3,Good morning!,TEXT,2025-02-27 18:52:10.817,DELIVERED
173,bb461247-b0a6-4dcd-b18d-16cddb605a3e,ba1a10af-b0b8-4cb3-8e45-301986fc6d4b,Let's meet tomorrow.,TEXT,2025-02-13 14:27:10.817,DELIVERED
174,8742cdd5-1610-4472-b3dc-de4d54223d77,b3dc9dcd-7883-4fd9-b5bd-08a0496aeafe,Good night!,TEXT,2025-03-02 10:29:10.817,DELIVERED
175,b3dc9dcd-7883-4fd9-b5bd-08a0496aeafe,ff1f145b-9dd1-447c-91af-7502c17775e3,I'll be there in 10 mins.,TEXT,2025-02-18 23:01:10.817,DELETED
176,b3dc9dcd-7883-4fd9-b5bd-08a0496aeafe,e12d414f-869e-4944-b7fc-92bad20398a3,Take care!,TEXT,2025-02-21 15:29:10.817,DELETED
177,d26b7a65-19a4-4143-a8b2-3ce289b06405,ff1f145b-9dd1-447c-91af-7502c17775e3,Let's go for lunch.,TEXT,2025-02-20 10:50:10.817,DELETED
178,e12d414f-869e-4944-b7fc-92bad20398a3,ba1a10af-b0b8-4cb3-8e45-301986fc6d4b,Call me when you're free.,TEXT,2025-02-22 15:41:10.817,PENDING
179,8742cdd5-1610-4472-b3dc-de4d54223d77,d26b7a65-19a4-4143-a8b2-3ce289b06405,What's up?,TEXT,2025-02-19 00:50:10.817,PENDING
180,8742cdd5-1610-4472-b3dc-de4d54223d77,e12d414f-869e-4944-b7fc-92bad20398a3,See you later.,TEXT,2025-03-05 13:52:10.817,DELETED
181,e12d414f-869e-4944-b7fc-92bad20398a3,ba1a10af-b0b8-4cb3-8e45-301986fc6d4b,I'll be there in 10 mins.,TEXT,2025-03-11 22:15:10.817,READ
182,ff1f145b-9dd1-447c-91af-7502c17775e3,8742cdd5-1610-4472-b3dc-de4d54223d77,Let's go for lunch.,TEXT,2025-03-08 05:12:10.817,DELIVERED
183,b3dc9dcd-7883-4fd9-b5bd-08a0496aeafe,d26b7a65-19a4-4143-a8b2-3ce289b06405,Call me when you're free.,TEXT,2025-03-10 12:01:10.817,READ
184,8742cdd5-1610-4472-b3dc-de4d54223d77,d26b7a65-19a4-4143-a8b2-3ce289b06405,Happy Birthday!,TEXT,2025-02-20 17:36:10.817,READ
185,e12d414f-869e-4944-b7fc-92bad20398a3,b3dc9dcd-7883-4fd9-b5bd-08a0496aeafe,Congratulations on your achievement!,TEXT,2025-03-01 23:19:10.817,DELIVERED
186,ff1f145b-9dd1-447c-91af-7502c17775e3,d26b7a65-19a4-4143-a8b2-3ce289b06405,Call me when you're free.,TEXT,2025-02-25 07:20:10.817,DELETED
187,e12d414f-869e-4944-b7fc-92bad20398a3,ba1a10af-b0b8-4cb3-8e45-301986fc6d4b,Congratulations on your achievement!,TEXT,2025-03-01 05:23:10.817,DELETED
188,bb461247-b0a6-4dcd-b18d-16cddb605a3e,8742cdd5-1610-4472-b3dc-de4d54223d77,I'll be there in 10 mins.,TEXT,2025-02-14 20:28:10.817,READ
189,ff1f145b-9dd1-447c-91af-7502c17775e3,ba1a10af-b0b8-4cb3-8e45-301986fc6d4b,Good morning!,TEXT,2025-02-23 15:55:10.817,READ
190,8742cdd5-1610-4472-b3dc-de4d54223d77,d26b7a65-19a4-4143-a8b2-3ce289b06405,Let's go for lunch.,TEXT,2025-03-10 23:50:10.817,READ
191,e12d414f-869e-4944-b7fc-92bad20398a3,ba1a10af-b0b8-4cb3-8e45-301986fc6d4b,Have a great day!,TEXT,2025-02-22 06:45:10.817,PENDING
192,bb461247-b0a6-4dcd-b18d-16cddb605a3e,d26b7a65-19a4-4143-a8b2-3ce289b06405,Congratulations on your achievement!,TEXT,2025-02-22 22:18:10.817,DELIVERED
193,b3dc9dcd-7883-4fd9-b5bd-08a0496aeafe,bb461247-b0a6-4dcd-b18d-16cddb605a3e,Call me when you're free.,TEXT,2025-02-13 22:09:10.817,READ
194,e12d414f-869e-4944-b7fc-92bad20398a3,ff1f145b-9dd1-447c-91af-7502c17775e3,Congratulations on your achievement!,TEXT,2025-03-09 15:23:10.817,DELETED
195,e12d414f-869e-4944-b7fc-92bad20398a3,bb461247-b0a6-4dcd-b18d-16cddb605a3e,"Hey, how are you?",TEXT,2025-03-12 13:27:10.817,READ
196,b3dc9dcd-7883-4fd9-b5bd-08a0496aeafe,ff1f145b-9dd1-447c-91af-7502c17775e3,Congratulations on your achievement!,TEXT,2025-02-21 21:15:10.817,DELETED
197,ba1a10af-b0b8-4cb3-8e45-301986fc6d4b,bb461247-b0a6-4dcd-b18d-16cddb605a3e,Good morning!,TEXT,2025-03-11 11:40:10.817,DELETED
198,e12d414f-869e-4944-b7fc-92bad20398a3,8742cdd5-1610-4472-b3dc-de4d54223d77,"Hey, how are you?",TEXT,2025-02-17 05:36:10.817,DELETED
199,d26b7a65-19a4-4143-a8b2-3ce289b06405,b3dc9dcd-7883-4fd9-b5bd-08a0496aeafe,Take care!,TEXT,2025-03-10 08:15:10.817,READ
200,b3dc9dcd-7883-4fd9-b5bd-08a0496aeafe,d26b7a65-19a4-4143-a8b2-3ce289b06405,Take care!,TEXT,2025-02-11 17:36:10.817,READ
201,bb461247-b0a6-4dcd-b18d-16cddb605a3e,b3dc9dcd-7883-4fd9-b5bd-08a0496aeafe,Did you complete the task?,TEXT,2025-03-04 19:57:10.817,PENDING
202,ba1a10af-b0b8-4cb3-8e45-301986fc6d4b,ff1f145b-9dd1-447c-91af-7502c17775e3,I'll be there in 10 mins.,TEXT,2025-02-11 23:20:10.817,DELETED
203,d26b7a65-19a4-4143-a8b2-3ce289b06405,e12d414f-869e-4944-b7fc-92bad20398a3,Happy Birthday!,TEXT,2025-02-28 02:05:10.817,READ
204,b3dc9dcd-7883-4fd9-b5bd-08a0496aeafe,e12d414f-869e-4944-b7fc-92bad20398a3,Did you complete the task?,TEXT,2025-02-18 19:43:10.817,DELIVERED
205,e12d414f-869e-4944-b7fc-92bad20398a3,bb461247-b0a6-4dcd-b18d-16cddb605a3e,Good night!,TEXT,2025-02-27 11:03:10.817,DELIVERED
206,b3dc9dcd-7883-4fd9-b5bd-08a0496aeafe,ff1f145b-9dd1-447c-91af-7502c17775e3,Where are you?,TEXT,2025-03-01 18:17:10.817,READ
207,b3dc9dcd-7883-4fd9-b5bd-08a0496aeafe,e12d414f-869e-4944-b7fc-92bad20398a3,Where are you?,TEXT,2025-02-22 09:32:10.817,READ
208,8742cdd5-1610-4472-b3dc-de4d54223d77,ff1f145b-9dd1-447c-91af-7502c17775e3,Did you complete the task?,TEXT,2025-03-02 11:36:10.817,DELIVERED
209,8742cdd5-1610-4472-b3dc-de4d54223d77,e12d414f-869e-4944-b7fc-92bad20398a3,Did you complete the task?,TEXT,2025-02-16 22:06:10.817,DELIVERED
210,b3dc9dcd-7883-4fd9-b5bd-08a0496aeafe,d26b7a65-19a4-4143-a8b2-3ce289b06405,I'll be there in 10 mins.,TEXT,2025-03-11 19:33:10.817,READ
211,ba1a10af-b0b8-4cb3-8e45-301986fc6d4b,ff1f145b-9dd1-447c-91af-7502c17775e3,Take care!,TEXT,2025-02-12 08:03:10.817,READ
212,d26b7a65-19a4-4143-a8b2-3ce289b06405,b3dc9dcd-7883-4fd9-b5bd-08a0496aeafe,Take care!,TEXT,2025-02-20 09:24:10.817,READ
213,bb461247-b0a6-4dcd-b18d-16cddb605a3e,ba1a10af-b0b8-4cb3-8e45-301986fc6d4b,Happy Birthday!,TEXT,2025-03-03 06:29:10.817,READ
214,8742cdd5-1610-4472-b3dc-de4d54223d77,d26b7a65-19a4-4143-a8b2-3ce289b06405,What's up?,TEXT,2025-03-02 20:36:10.817,DELIVERED
215,ff1f145b-9dd1-447c-91af-7502c17775e3,8742cdd5-1610-4472-b3dc-de4d54223d77,Did you complete the task?,TEXT,2025-03-12 10:49:10.817,PENDING
216,ff1f145b-9dd1-447c-91af-7502c17775e3,8742cdd5-1610-4472-b3dc-de4d54223d77,Let's meet tomorrow.,TEXT,2025-03-04 03:44:10.817,PENDING
217,d26b7a65-19a4-4143-a8b2-3ce289b06405,ff1f145b-9dd1-447c-91af-7502c17775e3,Happy Birthday!,TEXT,2025-02-19 00:11:10.817,DELETED
218,e12d414f-869e-4944-b7fc-92bad20398a3,bb461247-b0a6-4dcd-b18d-16cddb605a3e,Good morning!,TEXT,2025-02-13 07:34:10.817,DELIVERED
219,b3dc9dcd-7883-4fd9-b5bd-08a0496aeafe,d26b7a65-19a4-4143-a8b2-3ce289b06405,I'll be there in 10 mins.,TEXT,2025-02-14 13:47:10.817,DELETED
220,ff1f145b-9dd1-447c-91af-7502c17775e3,b3dc9dcd-7883-4fd9-b5bd-08a0496aeafe,Good morning!,TEXT,2025-02-14 04:33:10.817,PENDING
221,d26b7a65-19a4-4143-a8b2-3ce289b06405,bb461247-b0a6-4dcd-b18d-16cddb605a3e,Congratulations on your achievement!,TEXT,2025-03-07 23:12:10.817,READ
222,b3dc9dcd-7883-4fd9-b5bd-08a0496aeafe,bb461247-b0a6-4dcd-b18d-16cddb605a3e,Congratulations on your achievement!,TEXT,2025-02-14 18:33:10.817,DELIVERED
223,bb461247-b0a6-4dcd-b18d-16cddb605a3e,b3dc9dcd-7883-4fd9-b5bd-08a0496aeafe,Let's meet tomorrow.,TEXT,2025-02-20 08:04:10.817,READ
224,e12d414f-869e-4944-b7fc-92bad20398a3,d26b7a65-19a4-4143-a8b2-3ce289b06405,Good morning!,TEXT,2025-03-11 07:15:10.817,DELIVERED
225,8742cdd5-1610-4472-b3dc-de4d54223d77,bb461247-b0a6-4dcd-b18d-16cddb605a3e,See you later.,TEXT,2025-03-08 10:23:10.817,PENDING
226,bb461247-b0a6-4dcd-b18d-16cddb605a3e,ff1f145b-9dd1-447c-91af-7502c17775e3,Good morning!,TEXT,2025-02-22 11:45:10.817,DELIVERED
227,bb461247-b0a6-4dcd-b18d-16cddb605a3e,ba1a10af-b0b8-4cb3-8e45-301986fc6d4b,Good night!,TEXT,2025-02-20 01:13:10.817,DELIVERED
228,b3dc9dcd-7883-4fd9-b5bd-08a0496aeafe,ff1f145b-9dd1-447c-91af-7502c17775e3,Congratulations on your achievement!,TEXT,2025-02-24 20:49:10.817,DELETED
229,d26b7a65-19a4-4143-a8b2-3ce289b06405,ba1a10af-b0b8-4cb3-8e45-301986fc6d4b,Congratulations on your achievement!,TEXT,2025-02-19 20:39:10.817,PENDING
230,ff1f145b-9dd1-447c-91af-7502c17775e3,e12d414f-869e-4944-b7fc-92bad20398a3,Congratulations on your achievement!,TEXT,2025-02-25 02:58:10.817,DELIVERED
231,ff1f145b-9dd1-447c-91af-7502c17775e3,b3dc9dcd-7883-4fd9-b5bd-08a0496aeafe,Call me when you're free.,TEXT,2025-02-19 09:44:10.817,DELIVERED
232,ff1f145b-9dd1-447c-91af-7502c17775e3,bb461247-b0a6-4dcd-b18d-16cddb605a3e,Where are you?,TEXT,2025-03-08 16:56:10.817,DELIVERED
233,bb461247-b0a6-4dcd-b18d-16cddb605a3e,d26b7a65-19a4-4143-a8b2-3ce289b06405,Good morning!,TEXT,2025-02-14 09:23:10.817,DELETED
234,ff1f145b-9dd1-447c-91af-7502c17775e3,bb461247-b0a6-4dcd-b18d-16cddb605a3e,"Hey, how are you?",TEXT,2025-03-01 22:27:10.817,READ
235,8742cdd5-1610-4472-b3dc-de4d54223d77,ba1a10af-b0b8-4cb3-8e45-301986fc6d4b,Call me when you're free.,TEXT,2025-02-22 11:55:10.817,DELETED
236,8742cdd5-1610-4472-b3dc-de4d54223d77,e12d414f-869e-4944-b7fc-92bad20398a3,Good morning!,TEXT,2025-02-21 03:56:10.817,READ
237,d26b7a65-19a4-4143-a8b2-3ce289b06405,bb461247-b0a6-4dcd-b18d-16cddb605a3e,See you later.,TEXT,2025-03-10 20:36:10.817,PENDING
238,ba1a10af-b0b8-4cb3-8e45-301986fc6d4b,ff1f145b-9dd1-447c-91af-7502c17775e3,Take care!,TEXT,2025-03-07 06:27:10.817,PENDING
239,bb461247-b0a6-4dcd-b18d-16cddb605a3e,b3dc9dcd-7883-4fd9-b5bd-08a0496aeafe,Congratulations on your achievement!,TEXT,2025-03-06 21:09:10.817,READ
240,ff1f145b-9dd1-447c-91af-7502c17775e3,bb461247-b0a6-4dcd-b18d-16cddb605a3e,Where are you?,TEXT,2025-03-02 09:56:10.817,READ
241,ff1f145b-9dd1-447c-91af-7502c17775e3,b3dc9dcd-7883-4fd9-b5bd-08a0496aeafe,Let's meet tomorrow.,TEXT,2025-02-24 15:31:10.817,PENDING
242,bb461247-b0a6-4dcd-b18d-16cddb605a3e,ff1f145b-9dd1-447c-91af-7502c17775e3,See you later.,TEXT,2025-02-22 18:12:10.817,READ
243,e12d414f-869e-4944-b7fc-92bad20398a3,d26b7a65-19a4-4143-a8b2-3ce289b06405,Have a great day!,TEXT,2025-02-18 06:15:10.817,PENDING
244,b3dc9dcd-7883-4fd9-b5bd-08a0496aeafe,e12d414f-869e-4944-b7fc-92bad20398a3,Did you complete the task?,TEXT,2025-02-13 21:17:10.817,READ
245,e12d414f-869e-4944-b7fc-92bad20398a3,b3dc9dcd-7883-4fd9-b5bd-08a0496aeafe,Good morning!,TEXT,2025-02-13 21:13:10.817,PENDING
246,b3dc9dcd-7883-4fd9-b5bd-08a0496aeafe,8742cdd5-1610-4472-b3dc-de4d54223d77,"Hey, how are you?",TEXT,2025-02-21 16:57:10.817,DELIVERED
247,d26b7a65-19a4-4143-a8b2-3ce289b06405,ba1a10af-b0b8-4cb3-8e45-301986fc6d4b,Let's go for lunch.,TEXT,2025-02-18 11:20:10.817,DELETED
248,d26b7a65-19a4-4143-a8b2-3ce289b06405,ba1a10af-b0b8-4cb3-8e45-301986fc6d4b,Congratulations on your achievement!,TEXT,2025-02-13 06:28:10.817,PENDING
249,ba1a10af-b0b8-4cb3-8e45-301986fc6d4b,e12d414f-869e-4944-b7fc-92bad20398a3,Take care!,TEXT,2025-02-17 00:52:10.817,PENDING
250,8742cdd5-1610-4472-b3dc-de4d54223d77,ba1a10af-b0b8-4cb3-8e45-301986fc6d4b,Have a great day!,TEXT,2025-03-09 11:21:10.817,PENDING
251,ba1a10af-b0b8-4cb3-8e45-301986fc6d4b,d26b7a65-19a4-4143-a8b2-3ce289b06405,See you later.,TEXT,2025-03-04 15:50:10.817,DELETED
252,bb461247-b0a6-4dcd-b18d-16cddb605a3e,b3dc9dcd-7883-4fd9-b5bd-08a0496aeafe,Good night!,TEXT,2025-03-11 02:36:10.817,PENDING
253,d26b7a65-19a4-4143-a8b2-3ce289b06405,ff1f145b-9dd1-447c-91af-7502c17775e3,Where are you?,TEXT,2025-03-06 04:31:10.817,READ
254,b3dc9dcd-7883-4fd9-b5bd-08a0496aeafe,ba1a10af-b0b8-4cb3-8e45-301986fc6d4b,Good morning!,TEXT,2025-03-11 10:42:10.817,PENDING
255,ff1f145b-9dd1-447c-91af-7502c17775e3,b3dc9dcd-7883-4fd9-b5bd-08a0496aeafe,"Hey, how are you?",TEXT,2025-02-26 02:30:10.817,DELETED
256,ff1f145b-9dd1-447c-91af-7502c17775e3,ba1a10af-b0b8-4cb3-8e45-301986fc6d4b,What's up?,TEXT,2025-02-21 13:51:10.817,DELETED
257,b3dc9dcd-7883-4fd9-b5bd-08a0496aeafe,ba1a10af-b0b8-4cb3-8e45-301986fc6d4b,Let's meet tomorrow.,TEXT,2025-03-11 14:12:10.817,PENDING
258,ff1f145b-9dd1-447c-91af-7502c17775e3,8742cdd5-1610-4472-b3dc-de4d54223d77,Let's go for lunch.,TEXT,2025-02-28 19:54:10.817,DELETED
259,bb461247-b0a6-4dcd-b18d-16cddb605a3e,e12d414f-869e-4944-b7fc-92bad20398a3,Where are you?,TEXT,2025-02-13 04:00:10.817,DELETED
260,d26b7a65-19a4-4143-a8b2-3ce289b06405,bb461247-b0a6-4dcd-b18d-16cddb605a3e,Let's meet tomorrow.,TEXT,2025-02-23 10:30:10.817,READ
261,ba1a10af-b0b8-4cb3-8e45-301986fc6d4b,ff1f145b-9dd1-447c-91af-7502c17775e3,Good night!,TEXT,2025-03-03 13:00:10.817,DELIVERED
262,bb461247-b0a6-4dcd-b18d-16cddb605a3e,ba1a10af-b0b8-4cb3-8e45-301986fc6d4b,What's up?,TEXT,2025-03-06 17:42:10.817,PENDING
263,d26b7a65-19a4-4143-a8b2-3ce289b06405,bb461247-b0a6-4dcd-b18d-16cddb605a3e,Have a great day!,TEXT,2025-02-11 21:17:10.817,DELIVERED
264,ff1f145b-9dd1-447c-91af-7502c17775e3,8742cdd5-1610-4472-b3dc-de4d54223d77,Congratulations on your achievement!,TEXT,2025-03-10 14:21:10.817,DELIVERED
265,8742cdd5-1610-4472-b3dc-de4d54223d77,b3dc9dcd-7883-4fd9-b5bd-08a0496aeafe,Let's meet tomorrow.,TEXT,2025-03-03 13:28:10.817,PENDING
266,ff1f145b-9dd1-447c-91af-7502c17775e3,ba1a10af-b0b8-4cb3-8e45-301986fc6d4b,See you later.,TEXT,2025-02-27 11:45:10.817,PENDING
267,8742cdd5-1610-4472-b3dc-de4d54223d77,ba1a10af-b0b8-4cb3-8e45-301986fc6d4b,See you later.,TEXT,2025-02-25 22:04:10.817,READ
268,e12d414f-869e-4944-b7fc-92bad20398a3,8742cdd5-1610-4472-b3dc-de4d54223d77,Let's meet tomorrow.,TEXT,2025-03-11 18:53:10.817,READ
269,e12d414f-869e-4944-b7fc-92bad20398a3,ba1a10af-b0b8-4cb3-8e45-301986fc6d4b,What's up?,TEXT,2025-02-28 18:17:10.817,READ
270,b3dc9dcd-7883-4fd9-b5bd-08a0496aeafe,bb461247-b0a6-4dcd-b18d-16cddb605a3e,Let's go for lunch.,TEXT,2025-03-11 09:47:10.817,DELIVERED
271,d26b7a65-19a4-4143-a8b2-3ce289b06405,8742cdd5-1610-4472-b3dc-de4d54223d77,Good night!,TEXT,2025-03-09 15:12:10.817,PENDING
272,d26b7a65-19a4-4143-a8b2-3ce289b06405,b3dc9dcd-7883-4fd9-b5bd-08a0496aeafe,Take care!,TEXT,2025-02-12 03:01:10.817,DELETED
273,e12d414f-869e-4944-b7fc-92bad20398a3,bb461247-b0a6-4dcd-b18d-16cddb605a3e,See you later.,TEXT,2025-02-17 04:32:10.817,PENDING
274,ba1a10af-b0b8-4cb3-8e45-301986fc6d4b,d26b7a65-19a4-4143-a8b2-3ce289b06405,Have a great day!,TEXT,2025-02-22 21:44:10.817,READ
275,8742cdd5-1610-4472-b3dc-de4d54223d77,d26b7a65-19a4-4143-a8b2-3ce289b06405,See you later.,TEXT,2025-02-23 03:22:10.817,DELIVERED
276,b3dc9dcd-7883-4fd9-b5bd-08a0496aeafe,ba1a10af-b0b8-4cb3-8e45-301986fc6d4b,Take care!,TEXT,2025-02-20 07:59:10.817,DELIVERED
277,ba1a10af-b0b8-4cb3-8e45-301986fc6d4b,d26b7a65-19a4-4143-a8b2-3ce289b06405,Take care!,TEXT,2025-02-16 13:55:10.817,DELETED
278,d26b7a65-19a4-4143-a8b2-3ce289b06405,8742cdd5-1610-4472-b3dc-de4d54223d77,I'll be there in 10 mins.,TEXT,2025-03-06 09:07:10.817,READ
279,ff1f145b-9dd1-447c-91af-7502c17775e3,d26b7a65-19a4-4143-a8b2-3ce289b06405,Happy Birthday!,TEXT,2025-03-07 18:33:10.817,DELETED
280,ff1f145b-9dd1-447c-91af-7502c17775e3,b3dc9dcd-7883-4fd9-b5bd-08a0496aeafe,Call me when you're free.,TEXT,2025-03-07 05:08:10.817,PENDING
281,b3dc9dcd-7883-4fd9-b5bd-08a0496aeafe,ff1f145b-9dd1-447c-91af-7502c17775e3,Good night!,TEXT,2025-03-06 15:20:10.817,PENDING
282,8742cdd5-1610-4472-b3dc-de4d54223d77,ba1a10af-b0b8-4cb3-8e45-301986fc6d4b,Take care!,TEXT,2025-03-08 18:32:10.817,READ
283,ff1f145b-9dd1-447c-91af-7502c17775e3,bb461247-b0a6-4dcd-b18d-16cddb605a3e,Where are you?,TEXT,2025-03-04 23:44:10.817,PENDING
284,ff1f145b-9dd1-447c-91af-7502c17775e3,8742cdd5-1610-4472-b3dc-de4d54223d77,Let's meet tomorrow.,TEXT,2025-02-27 03:16:10.817,PENDING
285,ba1a10af-b0b8-4cb3-8e45-301986fc6d4b,e12d414f-869e-4944-b7fc-92bad20398a3,Take care!,TEXT,2025-03-05 08:01:10.817,PENDING
286,8742cdd5-1610-4472-b3dc-de4d54223d77,ba1a10af-b0b8-4cb3-8e45-301986fc6d4b,Did you complete the task?,TEXT,2025-02-26 22:34:10.817,PENDING
287,d26b7a65-19a4-4143-a8b2-3ce289b06405,ba1a10af-b0b8-4cb3-8e45-301986fc6d4b,Congratulations on your achievement!,TEXT,2025-03-05 15:57:10.817,DELIVERED
288,b3dc9dcd-7883-4fd9-b5bd-08a0496aeafe,d26b7a65-19a4-4143-a8b2-3ce289b06405,Happy Birthday!,TEXT,2025-02-25 18:11:10.817,DELETED
289,e12d414f-869e-4944-b7fc-92bad20398a3,d26b7a65-19a4-4143-a8b2-3ce289b06405,Good night!,TEXT,2025-03-09 11:20:10.817,DELIVERED
290,d26b7a65-19a4-4143-a8b2-3ce289b06405,b3dc9dcd-7883-4fd9-b5bd-08a0496aeafe,Did you complete the task?,TEXT,2025-03-04 00:40:10.817,DELIVERED
291,ff1f145b-9dd1-447c-91af-7502c17775e3,8742cdd5-1610-4472-b3dc-de4d54223d77,See you later.,TEXT,2025-02-19 21:48:10.817,PENDING
292,e12d414f-869e-4944-b7fc-92bad20398a3,b3dc9dcd-7883-4fd9-b5bd-08a0496aeafe,Congratulations on your achievement!,TEXT,2025-03-06 02:18:10.817,READ
293,8742cdd5-1610-4472-b3dc-de4d54223d77,d26b7a65-19a4-4143-a8b2-3ce289b06405,Call me when you're free.,TEXT,2025-03-01 21:54:10.817,PENDING
294,b3dc9dcd-7883-4fd9-b5bd-08a0496aeafe,ba1a10af-b0b8-4cb3-8e45-301986fc6d4b,Call me when you're free.,TEXT,2025-03-03 09:24:10.817,DELIVERED
295,e12d414f-869e-4944-b7fc-92bad20398a3,b3dc9dcd-7883-4fd9-b5bd-08a0496aeafe,Good morning!,TEXT,2025-02-12 12:27:10.817,PENDING
296,e12d414f-869e-4944-b7fc-92bad20398a3,ba1a10af-b0b8-4cb3-8e45-301986fc6d4b,Good morning!,TEXT,2025-02-24 13:16:10.817,PENDING
297,d26b7a65-19a4-4143-a8b2-3ce289b06405,b3dc9dcd-7883-4fd9-b5bd-08a0496aeafe,Happy Birthday!,TEXT,2025-02-13 12:59:10.817,DELETED
298,d26b7a65-19a4-4143-a8b2-3ce289b06405,ff1f145b-9dd1-447c-91af-7502c17775e3,What's up?,TEXT,2025-03-10 22:14:10.817,DELETED
299,e12d414f-869e-4944-b7fc-92bad20398a3,bb461247-b0a6-4dcd-b18d-16cddb605a3e,Congratulations on your achievement!,TEXT,2025-02-21 23:10:10.817,READ
300,bb461247-b0a6-4dcd-b18d-16cddb605a3e,d26b7a65-19a4-4143-a8b2-3ce289b06405,Let's go for lunch.,TEXT,2025-02-24 08:18:10.817,DELIVERED
301,bb461247-b0a6-4dcd-b18d-16cddb605a3e,ba1a10af-b0b8-4cb3-8e45-301986fc6d4b,Did you complete the task?,TEXT,2025-03-03 09:41:10.817,PENDING
302,ba1a10af-b0b8-4cb3-8e45-301986fc6d4b,8742cdd5-1610-4472-b3dc-de4d54223d77,See you later.,TEXT,2025-02-15 04:05:10.817,READ
303,d26b7a65-19a4-4143-a8b2-3ce289b06405,bb461247-b0a6-4dcd-b18d-16cddb605a3e,Happy Birthday!,TEXT,2025-02-21 02:08:10.817,READ
304,ba1a10af-b0b8-4cb3-8e45-301986fc6d4b,ff1f145b-9dd1-447c-91af-7502c17775e3,I'll be there in 10 mins.,TEXT,2025-02-27 20:49:10.817,PENDING
305,bb461247-b0a6-4dcd-b18d-16cddb605a3e,d26b7a65-19a4-4143-a8b2-3ce289b06405,Call me when you're free.,TEXT,2025-03-07 04:09:10.817,PENDING
306,e12d414f-869e-4944-b7fc-92bad20398a3,8742cdd5-1610-4472-b3dc-de4d54223d77,I'll be there in 10 mins.,TEXT,2025-02-17 20:24:10.817,DELETED
307,ff1f145b-9dd1-447c-91af-7502c17775e3,ba1a10af-b0b8-4cb3-8e45-301986fc6d4b,Where are you?,TEXT,2025-02-25 17:28:10.817,DELIVERED
308,ff1f145b-9dd1-447c-91af-7502c17775e3,bb461247-b0a6-4dcd-b18d-16cddb605a3e,Call me when you're free.,TEXT,2025-03-05 09:36:10.817,READ
309,ba1a10af-b0b8-4cb3-8e45-301986fc6d4b,e12d414f-869e-4944-b7fc-92bad20398a3,Call me when you're free.,TEXT,2025-02-26 15:17:10.817,PENDING
310,8742cdd5-1610-4472-b3dc-de4d54223d77,d26b7a65-19a4-4143-a8b2-3ce289b06405,Let's meet tomorrow.,TEXT,2025-02-16 00:36:10.817,READ
311,ba1a10af-b0b8-4cb3-8e45-301986fc6d4b,b3dc9dcd-7883-4fd9-b5bd-08a0496aeafe,Happy Birthday!,TEXT,2025-02-12 14:42:10.817,DELIVERED
312,bb461247-b0a6-4dcd-b18d-16cddb605a3e,8742cdd5-1610-4472-b3dc-de4d54223d77,Call me when you're free.,TEXT,2025-02-11 02:27:10.817,READ
313,bb461247-b0a6-4dcd-b18d-16cddb605a3e,e12d414f-869e-4944-b7fc-92bad20398a3,Happy Birthday!,TEXT,2025-02-28 04:48:10.817,PENDING
314,e12d414f-869e-4944-b7fc-92bad20398a3,8742cdd5-1610-4472-b3dc-de4d54223d77,Have a great day!,TEXT,2025-03-03 07:39:10.817,DELETED
315,ba1a10af-b0b8-4cb3-8e45-301986fc6d4b,8742cdd5-1610-4472-b3dc-de4d54223d77,What's up?,TEXT,2025-02-21 18:19:10.817,DELIVERED
316,b3dc9dcd-7883-4fd9-b5bd-08a0496aeafe,8742cdd5-1610-4472-b3dc-de4d54223d77,Good morning!,TEXT,2025-02-26 21:56:10.817,DELIVERED
317,e12d414f-869e-4944-b7fc-92bad20398a3,ba1a10af-b0b8-4cb3-8e45-301986fc6d4b,Did you complete the task?,TEXT,2025-02-11 08:56:10.817,DELETED
318,ff1f145b-9dd1-447c-91af-7502c17775e3,b3dc9dcd-7883-4fd9-b5bd-08a0496aeafe,Where are you?,TEXT,2025-03-11 01:22:10.817,DELIVERED
319,bb461247-b0a6-4dcd-b18d-16cddb605a3e,e12d414f-869e-4944-b7fc-92bad20398a3,Good night!,TEXT,2025-02-14 10:26:10.817,PENDING
320,e12d414f-869e-4944-b7fc-92bad20398a3,8742cdd5-1610-4472-b3dc-de4d54223d77,I'll be there in 10 mins.,TEXT,2025-02-24 04:39:10.817,READ
321,bb461247-b0a6-4dcd-b18d-16cddb605a3e,ff1f145b-9dd1-447c-91af-7502c17775e3,What's up?,TEXT,2025-02-16 18:16:10.817,READ
322,ba1a10af-b0b8-4cb3-8e45-301986fc6d4b,8742cdd5-1610-4472-b3dc-de4d54223d77,Good night!,TEXT,2025-02-19 08:20:10.817,READ
323,ba1a10af-b0b8-4cb3-8e45-301986fc6d4b,b3dc9dcd-7883-4fd9-b5bd-08a0496aeafe,I'll be there in 10 mins.,TEXT,2025-03-08 17:01:10.817,DELIVERED
324,ff1f145b-9dd1-447c-91af-7502c17775e3,d26b7a65-19a4-4143-a8b2-3ce289b06405,Good morning!,TEXT,2025-02-10 23:40:10.817,PENDING
325,8742cdd5-1610-4472-b3dc-de4d54223d77,ba1a10af-b0b8-4cb3-8e45-301986fc6d4b,I'll be there in 10 mins.,TEXT,2025-02-10 16:14:10.817,DELIVERED
326,e12d414f-869e-4944-b7fc-92bad20398a3,b3dc9dcd-7883-4fd9-b5bd-08a0496aeafe,Let's go for lunch.,TEXT,2025-03-04 04:21:10.817,PENDING
327,8742cdd5-1610-4472-b3dc-de4d54223d77,bb461247-b0a6-4dcd-b18d-16cddb605a3e,Where are you?,TEXT,2025-03-10 11:12:10.817,DELIVERED
328,bb461247-b0a6-4dcd-b18d-16cddb605a3e,8742cdd5-1610-4472-b3dc-de4d54223d77,Let's go for lunch.,TEXT,2025-03-01 12:19:10.817,PENDING
329,8742cdd5-1610-4472-b3dc-de4d54223d77,ff1f145b-9dd1-447c-91af-7502c17775e3,Take care!,TEXT,2025-02-28 05:27:10.817,DELIVERED
330,e12d414f-869e-4944-b7fc-92bad20398a3,8742cdd5-1610-4472-b3dc-de4d54223d77,Where are you?,TEXT,2025-02-19 02:05:10.817,PENDING
331,ff1f145b-9dd1-447c-91af-7502c17775e3,8742cdd5-1610-4472-b3dc-de4d54223d77,Where are you?,TEXT,2025-02-15 11:48:10.817,DELETED
332,e12d414f-869e-4944-b7fc-92bad20398a3,ba1a10af-b0b8-4cb3-8e45-301986fc6d4b,"Hey, how are you?",TEXT,2025-02-27 22:36:10.817,READ
333,d26b7a65-19a4-4143-a8b2-3ce289b06405,ff1f145b-9dd1-447c-91af-7502c17775e3,Call me when you're free.,TEXT,2025-02-11 18:43:10.817,READ
334,8742cdd5-1610-4472-b3dc-de4d54223d77,ba1a10af-b0b8-4cb3-8e45-301986fc6d4b,What's up?,TEXT,2025-03-06 09:34:10.817,DELIVERED
335,bb461247-b0a6-4dcd-b18d-16cddb605a3e,e12d414f-869e-4944-b7fc-92bad20398a3,I'll be there in 10 mins.,TEXT,2025-02-13 07:37:10.817,DELIVERED
336,b3dc9dcd-7883-4fd9-b5bd-08a0496aeafe,8742cdd5-1610-4472-b3dc-de4d54223d77,Where are you?,TEXT,2025-03-03 01:01:10.817,READ
337,ba1a10af-b0b8-4cb3-8e45-301986fc6d4b,8742cdd5-1610-4472-b3dc-de4d54223d77,"Hey, how are you?",TEXT,2025-03-01 20:20:10.817,DELIVERED
338,ba1a10af-b0b8-4cb3-8e45-301986fc6d4b,8742cdd5-1610-4472-b3dc-de4d54223d77,See you later.,TEXT,2025-02-12 15:50:10.817,PENDING
339,ba1a10af-b0b8-4cb3-8e45-301986fc6d4b,8742cdd5-1610-4472-b3dc-de4d54223d77,Let's meet tomorrow.,TEXT,2025-02-13 22:36:10.817,READ
340,b3dc9dcd-7883-4fd9-b5bd-08a0496aeafe,bb461247-b0a6-4dcd-b18d-16cddb605a3e,Have a great day!,TEXT,2025-03-02 06:37:10.817,DELIVERED
341,ba1a10af-b0b8-4cb3-8e45-301986fc6d4b,e12d414f-869e-4944-b7fc-92bad20398a3,Let's meet tomorrow.,TEXT,2025-02-15 09:07:10.817,DELETED
342,ba1a10af-b0b8-4cb3-8e45-301986fc6d4b,d26b7a65-19a4-4143-a8b2-3ce289b06405,Let's go for lunch.,TEXT,2025-03-09 10:20:10.817,READ
343,b3dc9dcd-7883-4fd9-b5bd-08a0496aeafe,e12d414f-869e-4944-b7fc-92bad20398a3,"Hey, how are you?",TEXT,2025-03-07 12:54:10.817,DELIVERED
344,ba1a10af-b0b8-4cb3-8e45-301986fc6d4b,bb461247-b0a6-4dcd-b18d-16cddb605a3e,Have a great day!,TEXT,2025-02-23 01:39:10.817,PENDING
345,ba1a10af-b0b8-4cb3-8e45-301986fc6d4b,e12d414f-869e-4944-b7fc-92bad20398a3,I'll be there in 10 mins.,TEXT,2025-03-02 12:25:10.817,DELETED
346,b3dc9dcd-7883-4fd9-b5bd-08a0496aeafe,8742cdd5-1610-4472-b3dc-de4d54223d77,Where are you?,TEXT,2025-02-12 09:29:10.817,READ
347,b3dc9dcd-7883-4fd9-b5bd-08a0496aeafe,e12d414f-869e-4944-b7fc-92bad20398a3,See you later.,TEXT,2025-02-21 01:46:10.817,PENDING
348,b3dc9dcd-7883-4fd9-b5bd-08a0496aeafe,e12d414f-869e-4944-b7fc-92bad20398a3,Where are you?,TEXT,2025-02-22 21:16:10.817,PENDING
349,d26b7a65-19a4-4143-a8b2-3ce289b06405,bb461247-b0a6-4dcd-b18d-16cddb605a3e,Happy Birthday!,TEXT,2025-02-18 06:47:10.817,DELETED
350,e12d414f-869e-4944-b7fc-92bad20398a3,ba1a10af-b0b8-4cb3-8e45-301986fc6d4b,Have a great day!,TEXT,2025-02-17 21:58:10.817,READ
351,b3dc9dcd-7883-4fd9-b5bd-08a0496aeafe,ff1f145b-9dd1-447c-91af-7502c17775e3,Have a great day!,TEXT,2025-03-11 22:29:10.817,PENDING
352,ba1a10af-b0b8-4cb3-8e45-301986fc6d4b,ff1f145b-9dd1-447c-91af-7502c17775e3,Good night!,TEXT,2025-02-11 00:29:10.817,DELETED
353,bb461247-b0a6-4dcd-b18d-16cddb605a3e,ff1f145b-9dd1-447c-91af-7502c17775e3,What's up?,TEXT,2025-02-16 22:52:10.817,DELIVERED
354,b3dc9dcd-7883-4fd9-b5bd-08a0496aeafe,d26b7a65-19a4-4143-a8b2-3ce289b06405,Let's meet tomorrow.,TEXT,2025-03-01 04:37:10.817,DELIVERED
355,d26b7a65-19a4-4143-a8b2-3ce289b06405,8742cdd5-1610-4472-b3dc-de4d54223d77,I'll be there in 10 mins.,TEXT,2025-03-01 20:51:10.817,DELIVERED
356,8742cdd5-1610-4472-b3dc-de4d54223d77,b3dc9dcd-7883-4fd9-b5bd-08a0496aeafe,Good night!,TEXT,2025-03-10 20:31:10.817,PENDING
357,d26b7a65-19a4-4143-a8b2-3ce289b06405,b3dc9dcd-7883-4fd9-b5bd-08a0496aeafe,Have a great day!,TEXT,2025-02-14 12:18:10.817,DELIVERED
358,ff1f145b-9dd1-447c-91af-7502c17775e3,8742cdd5-1610-4472-b3dc-de4d54223d77,Good morning!,TEXT,2025-03-09 06:57:10.817,DELETED
359,bb461247-b0a6-4dcd-b18d-16cddb605a3e,8742cdd5-1610-4472-b3dc-de4d54223d77,Happy Birthday!,TEXT,2025-02-22 15:33:10.817,DELIVERED
360,8742cdd5-1610-4472-b3dc-de4d54223d77,bb461247-b0a6-4dcd-b18d-16cddb605a3e,"Hey, how are you?",TEXT,2025-03-12 08:13:10.817,PENDING
361,bb461247-b0a6-4dcd-b18d-16cddb605a3e,ff1f145b-9dd1-447c-91af-7502c17775e3,Call me when you're free.,TEXT,2025-03-10 10:51:10.817,PENDING
362,ff1f145b-9dd1-447c-91af-7502c17775e3,d26b7a65-19a4-4143-a8b2-3ce289b06405,"Hey, how are you?",TEXT,2025-03-06 02:02:10.817,DELETED
363,e12d414f-869e-4944-b7fc-92bad20398a3,ba1a10af-b0b8-4cb3-8e45-301986fc6d4b,Let's go for lunch.,TEXT,2025-02-22 11:06:10.817,READ
364,ba1a10af-b0b8-4cb3-8e45-301986fc6d4b,ff1f145b-9dd1-447c-91af-7502c17775e3,Happy Birthday!,TEXT,2025-03-06 11:03:10.817,PENDING
365,e12d414f-869e-4944-b7fc-92bad20398a3,b3dc9dcd-7883-4fd9-b5bd-08a0496aeafe,Take care!,TEXT,2025-02-25 07:05:10.817,PENDING
366,8742cdd5-1610-4472-b3dc-de4d54223d77,b3dc9dcd-7883-4fd9-b5bd-08a0496aeafe,Good night!,TEXT,2025-03-03 12:10:10.817,READ
367,8742cdd5-1610-4472-b3dc-de4d54223d77,d26b7a65-19a4-4143-a8b2-3ce289b06405,Take care!,TEXT,2025-03-04 18:46:10.817,DELIVERED
368,bb461247-b0a6-4dcd-b18d-16cddb605a3e,8742cdd5-1610-4472-b3dc-de4d54223d77,Let's go for lunch.,TEXT,2025-02-22 21:53:10.817,PENDING
369,d26b7a65-19a4-4143-a8b2-3ce289b06405,b3dc9dcd-7883-4fd9-b5bd-08a0496aeafe,I'll be there in 10 mins.,TEXT,2025-02-14 20:36:10.817,DELETED
370,bb461247-b0a6-4dcd-b18d-16cddb605a3e,b3dc9dcd-7883-4fd9-b5bd-08a0496aeafe,Call me when you're free.,TEXT,2025-02-23 07:51:10.817,PENDING
371,b3dc9dcd-7883-4fd9-b5bd-08a0496aeafe,bb461247-b0a6-4dcd-b18d-16cddb605a3e,Take care!,TEXT,2025-03-08 02:12:10.817,READ
372,bb461247-b0a6-4dcd-b18d-16cddb605a3e,d26b7a65-19a4-4143-a8b2-3ce289b06405,Happy Birthday!,TEXT,2025-02-25 23:53:10.817,DELETED
373,8742cdd5-1610-4472-b3dc-de4d54223d77,d26b7a65-19a4-4143-a8b2-3ce289b06405,Have a great day!,TEXT,2025-02-21 20:17:10.817,READ
374,bb461247-b0a6-4dcd-b18d-16cddb605a3e,d26b7a65-19a4-4143-a8b2-3ce289b06405,Where are you?,TEXT,2025-02-12 07:32:10.817,DELIVERED
375,ba1a10af-b0b8-4cb3-8e45-301986fc6d4b,e12d414f-869e-4944-b7fc-92bad20398a3,Have a great day!,TEXT,2025-02-27 22:42:10.817,READ
376,b3dc9dcd-7883-4fd9-b5bd-08a0496aeafe,e12d414f-869e-4944-b7fc-92bad20398a3,Where are you?,TEXT,2025-03-01 19:13:10.817,READ
377,8742cdd5-1610-4472-b3dc-de4d54223d77,d26b7a65-19a4-4143-a8b2-3ce289b06405,Did you complete the task?,TEXT,2025-02-28 19:11:10.817,PENDING
378,ba1a10af-b0b8-4cb3-8e45-301986fc6d4b,d26b7a65-19a4-4143-a8b2-3ce289b06405,Have a great day!,TEXT,2025-03-01 07:12:10.817,PENDING
379,b3dc9dcd-7883-4fd9-b5bd-08a0496aeafe,d26b7a65-19a4-4143-a8b2-3ce289b06405,Have a great day!,TEXT,2025-02-14 09:47:10.817,DELIVERED
380,b3dc9dcd-7883-4fd9-b5bd-08a0496aeafe,ba1a10af-b0b8-4cb3-8e45-301986fc6d4b,Good morning!,TEXT,2025-03-06 23:01:10.817,DELETED
381,b3dc9dcd-7883-4fd9-b5bd-08a0496aeafe,ff1f145b-9dd1-447c-91af-7502c17775e3,Happy Birthday!,TEXT,2025-02-23 13:12:10.817,DELIVERED
382,d26b7a65-19a4-4143-a8b2-3ce289b06405,b3dc9dcd-7883-4fd9-b5bd-08a0496aeafe,Good morning!,TEXT,2025-02-18 22:14:10.817,DELIVERED
383,8742cdd5-1610-4472-b3dc-de4d54223d77,ba1a10af-b0b8-4cb3-8e45-301986fc6d4b,See you later.,TEXT,2025-03-10 00:07:10.817,DELIVERED
384,b3dc9dcd-7883-4fd9-b5bd-08a0496aeafe,d26b7a65-19a4-4143-a8b2-3ce289b06405,What's up?,TEXT,2025-02-28 07:46:10.817,DELIVERED
385,ff1f145b-9dd1-447c-91af-7502c17775e3,8742cdd5-1610-4472-b3dc-de4d54223d77,"Hey, how are you?",TEXT,2025-02-15 03:19:10.817,PENDING
386,ff1f145b-9dd1-447c-91af-7502c17775e3,e12d414f-869e-4944-b7fc-92bad20398a3,Call me when you're free.,TEXT,2025-03-12 02:36:10.817,DELIVERED
387,d26b7a65-19a4-4143-a8b2-3ce289b06405,bb461247-b0a6-4dcd-b18d-16cddb605a3e,Happy Birthday!,TEXT,2025-03-01 16:14:10.817,DELETED
388,bb461247-b0a6-4dcd-b18d-16cddb605a3e,ff1f145b-9dd1-447c-91af-7502c17775e3,Have a great day!,TEXT,2025-02-24 00:11:10.817,DELIVERED
389,e12d414f-869e-4944-b7fc-92bad20398a3,d26b7a65-19a4-4143-a8b2-3ce289b06405,Happy Birthday!,TEXT,2025-02-16 01:09:10.817,DELIVERED
390,d26b7a65-19a4-4143-a8b2-3ce289b06405,ba1a10af-b0b8-4cb3-8e45-301986fc6d4b,I'll be there in 10 mins.,TEXT,2025-03-05 20:43:10.817,PENDING
391,bb461247-b0a6-4dcd-b18d-16cddb605a3e,d26b7a65-19a4-4143-a8b2-3ce289b06405,Good night!,TEXT,2025-02-19 09:46:10.817,DELIVERED
392,ba1a10af-b0b8-4cb3-8e45-301986fc6d4b,bb461247-b0a6-4dcd-b18d-16cddb605a3e,Let's go for lunch.,TEXT,2025-03-07 20:56:10.817,DELIVERED
393,e12d414f-869e-4944-b7fc-92bad20398a3,ba1a10af-b0b8-4cb3-8e45-301986fc6d4b,Good morning!,TEXT,2025-03-09 11:55:10.817,READ
394,bb461247-b0a6-4dcd-b18d-16cddb605a3e,e12d414f-869e-4944-b7fc-92bad20398a3,Congratulations on your achievement!,TEXT,2025-03-04 01:54:10.817,PENDING
395,8742cdd5-1610-4472-b3dc-de4d54223d77,d26b7a65-19a4-4143-a8b2-3ce289b06405,Where are you?,TEXT,2025-02-23 12:04:10.817,DELIVERED
396,d26b7a65-19a4-4143-a8b2-3ce289b06405,ba1a10af-b0b8-4cb3-8e45-301986fc6d4b,Happy Birthday!,TEXT,2025-02-13 15:01:10.817,PENDING
397,ba1a10af-b0b8-4cb3-8e45-301986fc6d4b,d26b7a65-19a4-4143-a8b2-3ce289b06405,What's up?,TEXT,2025-02-27 17:41:10.817,DELETED
398,b3dc9dcd-7883-4fd9-b5bd-08a0496aeafe,ba1a10af-b0b8-4cb3-8e45-301986fc6d4b,Let's meet tomorrow.,TEXT,2025-02-27 17:37:10.817,READ
399,bb461247-b0a6-4dcd-b18d-16cddb605a3e,ba1a10af-b0b8-4cb3-8e45-301986fc6d4b,Where are you?,TEXT,2025-02-28 11:44:10.817,DELIVERED
400,b3dc9dcd-7883-4fd9-b5bd-08a0496aeafe,bb461247-b0a6-4dcd-b18d-16cddb605a3e,See you later.,TEXT,2025-03-01 04:50:10.817,DELIVERED
401,b3dc9dcd-7883-4fd9-b5bd-08a0496aeafe,ff1f145b-9dd1-447c-91af-7502c17775e3,Call me when you're free.,TEXT,2025-03-03 06:58:10.817,DELETED
402,e12d414f-869e-4944-b7fc-92bad20398a3,b3dc9dcd-7883-4fd9-b5bd-08a0496aeafe,See you later.,TEXT,2025-02-14 17:43:10.817,PENDING
403,d26b7a65-19a4-4143-a8b2-3ce289b06405,ff1f145b-9dd1-447c-91af-7502c17775e3,Did you complete the task?,TEXT,2025-03-12 08:08:10.817,DELIVERED
404,b3dc9dcd-7883-4fd9-b5bd-08a0496aeafe,8742cdd5-1610-4472-b3dc-de4d54223d77,Let's go for lunch.,TEXT,2025-03-10 06:30:10.817,PENDING
405,b3dc9dcd-7883-4fd9-b5bd-08a0496aeafe,e12d414f-869e-4944-b7fc-92bad20398a3,Good morning!,TEXT,2025-02-11 07:43:10.817,DELIVERED
406,bb461247-b0a6-4dcd-b18d-16cddb605a3e,ff1f145b-9dd1-447c-91af-7502c17775e3,Happy Birthday!,TEXT,2025-03-11 02:44:10.817,PENDING
407,b3dc9dcd-7883-4fd9-b5bd-08a0496aeafe,e12d414f-869e-4944-b7fc-92bad20398a3,Call me when you're free.,TEXT,2025-03-06 02:21:10.817,READ
408,8742cdd5-1610-4472-b3dc-de4d54223d77,ba1a10af-b0b8-4cb3-8e45-301986fc6d4b,Have a great day!,TEXT,2025-02-18 14:38:10.817,PENDING
409,e12d414f-869e-4944-b7fc-92bad20398a3,b3dc9dcd-7883-4fd9-b5bd-08a0496aeafe,What's up?,TEXT,2025-02-12 07:06:10.817,DELIVERED
410,b3dc9dcd-7883-4fd9-b5bd-08a0496aeafe,8742cdd5-1610-4472-b3dc-de4d54223d77,Good night!,TEXT,2025-02-22 18:18:10.817,DELETED
411,bb461247-b0a6-4dcd-b18d-16cddb605a3e,b3dc9dcd-7883-4fd9-b5bd-08a0496aeafe,Take care!,TEXT,2025-02-20 23:06:10.817,PENDING
412,d26b7a65-19a4-4143-a8b2-3ce289b06405,8742cdd5-1610-4472-b3dc-de4d54223d77,Good morning!,TEXT,2025-02-13 01:39:10.817,READ
413,ff1f145b-9dd1-447c-91af-7502c17775e3,ba1a10af-b0b8-4cb3-8e45-301986fc6d4b,What's up?,TEXT,2025-02-28 11:31:10.817,DELIVERED
414,ba1a10af-b0b8-4cb3-8e45-301986fc6d4b,b3dc9dcd-7883-4fd9-b5bd-08a0496aeafe,Call me when you're free.,TEXT,2025-03-08 07:08:10.817,DELIVERED
415,b3dc9dcd-7883-4fd9-b5bd-08a0496aeafe,d26b7a65-19a4-4143-a8b2-3ce289b06405,Let's meet tomorrow.,TEXT,2025-02-16 13:39:10.817,DELETED
416,ff1f145b-9dd1-447c-91af-7502c17775e3,8742cdd5-1610-4472-b3dc-de4d54223d77,Have a great day!,TEXT,2025-02-27 21:34:10.817,DELETED
417,8742cdd5-1610-4472-b3dc-de4d54223d77,ba1a10af-b0b8-4cb3-8e45-301986fc6d4b,See you later.,TEXT,2025-02-25 02:55:10.817,PENDING
418,bb461247-b0a6-4dcd-b18d-16cddb605a3e,8742cdd5-1610-4472-b3dc-de4d54223d77,Happy Birthday!,TEXT,2025-03-09 13:50:10.817,DELETED
419,ba1a10af-b0b8-4cb3-8e45-301986fc6d4b,bb461247-b0a6-4dcd-b18d-16cddb605a3e,Congratulations on your achievement!,TEXT,2025-02-15 21:58:10.817,DELIVERED
420,d26b7a65-19a4-4143-a8b2-3ce289b06405,bb461247-b0a6-4dcd-b18d-16cddb605a3e,Have a great day!,TEXT,2025-03-03 02:17:10.817,PENDING
421,8742cdd5-1610-4472-b3dc-de4d54223d77,ff1f145b-9dd1-447c-91af-7502c17775e3,"Hey, how are you?",TEXT,2025-03-02 23:58:10.817,PENDING
422,8742cdd5-1610-4472-b3dc-de4d54223d77,b3dc9dcd-7883-4fd9-b5bd-08a0496aeafe,"Hey, how are you?",TEXT,2025-03-06 11:33:10.817,DELIVERED
423,bb461247-b0a6-4dcd-b18d-16cddb605a3e,d26b7a65-19a4-4143-a8b2-3ce289b06405,What's up?,TEXT,2025-02-12 07:05:10.817,DELETED
424,e12d414f-869e-4944-b7fc-92bad20398a3,d26b7a65-19a4-4143-a8b2-3ce289b06405,Let's go for lunch.,TEXT,2025-02-17 05:33:10.817,READ
425,ba1a10af-b0b8-4cb3-8e45-301986fc6d4b,b3dc9dcd-7883-4fd9-b5bd-08a0496aeafe,Good morning!,TEXT,2025-02-23 09:25:10.817,DELETED
426,bb461247-b0a6-4dcd-b18d-16cddb605a3e,e12d414f-869e-4944-b7fc-92bad20398a3,Have a great day!,TEXT,2025-02-28 19:26:10.817,DELETED
427,e12d414f-869e-4944-b7fc-92bad20398a3,ff1f145b-9dd1-447c-91af-7502c17775e3,Let's meet tomorrow.,TEXT,2025-02-15 06:17:10.817,DELIVERED
428,b3dc9dcd-7883-4fd9-b5bd-08a0496aeafe,bb461247-b0a6-4dcd-b18d-16cddb605a3e,Take care!,TEXT,2025-02-19 18:24:10.817,DELETED
429,e12d414f-869e-4944-b7fc-92bad20398a3,bb461247-b0a6-4dcd-b18d-16cddb605a3e,I'll be there in 10 mins.,TEXT,2025-02-22 23:30:10.817,READ
430,ba1a10af-b0b8-4cb3-8e45-301986fc6d4b,d26b7a65-19a4-4143-a8b2-3ce289b06405,Happy Birthday!,TEXT,2025-03-03 00:44:10.817,DELIVERED
431,e12d414f-869e-4944-b7fc-92bad20398a3,b3dc9dcd-7883-4fd9-b5bd-08a0496aeafe,Happy Birthday!,TEXT,2025-02-14 00:46:10.817,DELETED
432,ba1a10af-b0b8-4cb3-8e45-301986fc6d4b,8742cdd5-1610-4472-b3dc-de4d54223d77,Have a great day!,TEXT,2025-02-27 13:21:10.817,DELETED
433,d26b7a65-19a4-4143-a8b2-3ce289b06405,ff1f145b-9dd1-447c-91af-7502c17775e3,I'll be there in 10 mins.,TEXT,2025-03-08 08:15:10.817,DELETED
434,b3dc9dcd-7883-4fd9-b5bd-08a0496aeafe,ba1a10af-b0b8-4cb3-8e45-301986fc6d4b,Take care!,TEXT,2025-02-23 14:23:10.817,READ
435,8742cdd5-1610-4472-b3dc-de4d54223d77,d26b7a65-19a4-4143-a8b2-3ce289b06405,Have a great day!,TEXT,2025-02-18 18:07:10.817,DELIVERED
436,ba1a10af-b0b8-4cb3-8e45-301986fc6d4b,e12d414f-869e-4944-b7fc-92bad20398a3,Have a great day!,TEXT,2025-02-20 09:59:10.817,PENDING
437,bb461247-b0a6-4dcd-b18d-16cddb605a3e,ff1f145b-9dd1-447c-91af-7502c17775e3,Good night!,TEXT,2025-03-11 23:05:10.817,DELIVERED
438,ba1a10af-b0b8-4cb3-8e45-301986fc6d4b,8742cdd5-1610-4472-b3dc-de4d54223d77,Let's go for lunch.,TEXT,2025-03-10 18:20:10.817,DELETED
439,b3dc9dcd-7883-4fd9-b5bd-08a0496aeafe,ba1a10af-b0b8-4cb3-8e45-301986fc6d4b,Congratulations on your achievement!,TEXT,2025-02-20 03:20:10.817,PENDING
440,b3dc9dcd-7883-4fd9-b5bd-08a0496aeafe,d26b7a65-19a4-4143-a8b2-3ce289b06405,Take care!,TEXT,2025-02-14 17:42:10.817,DELETED
441,b3dc9dcd-7883-4fd9-b5bd-08a0496aeafe,e12d414f-869e-4944-b7fc-92bad20398a3,Good morning!,TEXT,2025-03-02 07:12:10.817,PENDING
442,8742cdd5-1610-4472-b3dc-de4d54223d77,e12d414f-869e-4944-b7fc-92bad20398a3,Call me when you're free.,TEXT,2025-02-24 22:24:10.817,PENDING
443,e12d414f-869e-4944-b7fc-92bad20398a3,ba1a10af-b0b8-4cb3-8e45-301986fc6d4b,"Hey, how are you?",TEXT,2025-02-13 12:33:10.817,READ
444,b3dc9dcd-7883-4fd9-b5bd-08a0496aeafe,ba1a10af-b0b8-4cb3-8e45-301986fc6d4b,Let's meet tomorrow.,TEXT,2025-02-19 06:17:10.817,PENDING
445,e12d414f-869e-4944-b7fc-92bad20398a3,d26b7a65-19a4-4143-a8b2-3ce289b06405,Did you complete the task?,TEXT,2025-02-21 08:35:10.817,DELETED
446,b3dc9dcd-7883-4fd9-b5bd-08a0496aeafe,d26b7a65-19a4-4143-a8b2-3ce289b06405,Let's go for lunch.,TEXT,2025-02-21 13:30:10.817,DELIVERED
447,ba1a10af-b0b8-4cb3-8e45-301986fc6d4b,b3dc9dcd-7883-4fd9-b5bd-08a0496aeafe,Have a great day!,TEXT,2025-02-15 10:01:10.817,PENDING
448,ba1a10af-b0b8-4cb3-8e45-301986fc6d4b,b3dc9dcd-7883-4fd9-b5bd-08a0496aeafe,Did you complete the task?,TEXT,2025-03-07 00:46:10.817,PENDING
449,ff1f145b-9dd1-447c-91af-7502c17775e3,e12d414f-869e-4944-b7fc-92bad20398a3,I'll be there in 10 mins.,TEXT,2025-02-27 06:45:10.817,READ
450,b3dc9dcd-7883-4fd9-b5bd-08a0496aeafe,8742cdd5-1610-4472-b3dc-de4d54223d77,"Hey, how are you?",TEXT,2025-02-28 10:58:10.817,READ
451,ba1a10af-b0b8-4cb3-8e45-301986fc6d4b,b3dc9dcd-7883-4fd9-b5bd-08a0496aeafe,Let's go for lunch.,TEXT,2025-02-15 14:23:10.817,DELETED
452,8742cdd5-1610-4472-b3dc-de4d54223d77,bb461247-b0a6-4dcd-b18d-16cddb605a3e,What's up?,TEXT,2025-03-01 15:31:10.817,READ
453,bb461247-b0a6-4dcd-b18d-16cddb605a3e,b3dc9dcd-7883-4fd9-b5bd-08a0496aeafe,Have a great day!,TEXT,2025-03-06 20:11:10.817,DELETED
454,e12d414f-869e-4944-b7fc-92bad20398a3,b3dc9dcd-7883-4fd9-b5bd-08a0496aeafe,Have a great day!,TEXT,2025-02-14 07:46:10.817,READ
455,bb461247-b0a6-4dcd-b18d-16cddb605a3e,d26b7a65-19a4-4143-a8b2-3ce289b06405,See you later.,TEXT,2025-03-10 14:18:10.817,READ
456,ba1a10af-b0b8-4cb3-8e45-301986fc6d4b,bb461247-b0a6-4dcd-b18d-16cddb605a3e,Have a great day!,TEXT,2025-02-23 02:53:10.817,READ
457,b3dc9dcd-7883-4fd9-b5bd-08a0496aeafe,ba1a10af-b0b8-4cb3-8e45-301986fc6d4b,See you later.,TEXT,2025-03-02 21:29:10.817,PENDING
458,ff1f145b-9dd1-447c-91af-7502c17775e3,b3dc9dcd-7883-4fd9-b5bd-08a0496aeafe,Take care!,TEXT,2025-02-24 15:44:10.817,DELIVERED
459,8742cdd5-1610-4472-b3dc-de4d54223d77,e12d414f-869e-4944-b7fc-92bad20398a3,Good morning!,TEXT,2025-02-17 17:33:10.817,DELETED
460,ba1a10af-b0b8-4cb3-8e45-301986fc6d4b,b3dc9dcd-7883-4fd9-b5bd-08a0496aeafe,Where are you?,TEXT,2025-02-17 10:02:10.817,READ
461,b3dc9dcd-7883-4fd9-b5bd-08a0496aeafe,8742cdd5-1610-4472-b3dc-de4d54223d77,What's up?,TEXT,2025-02-14 07:01:10.817,DELIVERED
462,ff1f145b-9dd1-447c-91af-7502c17775e3,ba1a10af-b0b8-4cb3-8e45-301986fc6d4b,Call me when you're free.,TEXT,2025-02-27 09:41:10.817,PENDING
463,e12d414f-869e-4944-b7fc-92bad20398a3,8742cdd5-1610-4472-b3dc-de4d54223d77,Good night!,TEXT,2025-02-17 09:10:10.817,DELIVERED
464,d26b7a65-19a4-4143-a8b2-3ce289b06405,ff1f145b-9dd1-447c-91af-7502c17775e3,What's up?,TEXT,2025-03-07 09:29:10.817,READ
465,ba1a10af-b0b8-4cb3-8e45-301986fc6d4b,bb461247-b0a6-4dcd-b18d-16cddb605a3e,What's up?,TEXT,2025-02-15 23:56:10.817,DELETED
466,bb461247-b0a6-4dcd-b18d-16cddb605a3e,e12d414f-869e-4944-b7fc-92bad20398a3,Have a great day!,TEXT,2025-02-16 01:56:10.817,PENDING
467,b3dc9dcd-7883-4fd9-b5bd-08a0496aeafe,8742cdd5-1610-4472-b3dc-de4d54223d77,Happy Birthday!,TEXT,2025-02-24 06:29:10.817,DELETED
468,8742cdd5-1610-4472-b3dc-de4d54223d77,bb461247-b0a6-4dcd-b18d-16cddb605a3e,Happy Birthday!,TEXT,2025-03-11 07:10:10.817,DELIVERED
469,ff1f145b-9dd1-447c-91af-7502c17775e3,8742cdd5-1610-4472-b3dc-de4d54223d77,See you later.,TEXT,2025-03-03 21:59:10.817,DELETED
470,d26b7a65-19a4-4143-a8b2-3ce289b06405,b3dc9dcd-7883-4fd9-b5bd-08a0496aeafe,Take care!,TEXT,2025-03-02 08:41:10.817,PENDING
471,b3dc9dcd-7883-4fd9-b5bd-08a0496aeafe,bb461247-b0a6-4dcd-b18d-16cddb605a3e,Let's go for lunch.,TEXT,2025-02-11 04:24:10.817,DELETED
472,e12d414f-869e-4944-b7fc-92bad20398a3,d26b7a65-19a4-4143-a8b2-3ce289b06405,Let's meet tomorrow.,TEXT,2025-03-06 12:13:10.817,DELETED
473,d26b7a65-19a4-4143-a8b2-3ce289b06405,8742cdd5-1610-4472-b3dc-de4d54223d77,Take care!,TEXT,2025-03-04 02:29:10.817,READ
474,ba1a10af-b0b8-4cb3-8e45-301986fc6d4b,b3dc9dcd-7883-4fd9-b5bd-08a0496aeafe,Call me when you're free.,TEXT,2025-02-17 07:33:10.817,READ
475,b3dc9dcd-7883-4fd9-b5bd-08a0496aeafe,ff1f145b-9dd1-447c-91af-7502c17775e3,What's up?,TEXT,2025-02-26 18:52:10.817,DELETED
476,b3dc9dcd-7883-4fd9-b5bd-08a0496aeafe,bb461247-b0a6-4dcd-b18d-16cddb605a3e,Good night!,TEXT,2025-02-16 00:44:10.817,PENDING
477,ff1f145b-9dd1-447c-91af-7502c17775e3,ba1a10af-b0b8-4cb3-8e45-301986fc6d4b,Let's go for lunch.,TEXT,2025-02-28 04:39:10.817,DELIVERED
478,ff1f145b-9dd1-447c-91af-7502c17775e3,ba1a10af-b0b8-4cb3-8e45-301986fc6d4b,Where are you?,TEXT,2025-03-03 17:24:10.817,DELETED
479,ba1a10af-b0b8-4cb3-8e45-301986fc6d4b,e12d414f-869e-4944-b7fc-92bad20398a3,Did you complete the task?,TEXT,2025-02-26 21:07:10.817,READ
480,d26b7a65-19a4-4143-a8b2-3ce289b06405,ff1f145b-9dd1-447c-91af-7502c17775e3,Happy Birthday!,TEXT,2025-03-10 02:33:10.817,DELETED
481,8742cdd5-1610-4472-b3dc-de4d54223d77,b3dc9dcd-7883-4fd9-b5bd-08a0496aeafe,Did you complete the task?,TEXT,2025-02-13 13:05:10.817,READ
482,bb461247-b0a6-4dcd-b18d-16cddb605a3e,b3dc9dcd-7883-4fd9-b5bd-08a0496aeafe,I'll be there in 10 mins.,TEXT,2025-02-17 21:24:10.817,PENDING
483,e12d414f-869e-4944-b7fc-92bad20398a3,d26b7a65-19a4-4143-a8b2-3ce289b06405,Where are you?,TEXT,2025-03-07 01:28:10.817,DELIVERED
484,e12d414f-869e-4944-b7fc-92bad20398a3,b3dc9dcd-7883-4fd9-b5bd-08a0496aeafe,Did you complete the task?,TEXT,2025-02-16 14:46:10.817,READ
485,8742cdd5-1610-4472-b3dc-de4d54223d77,b3dc9dcd-7883-4fd9-b5bd-08a0496aeafe,Good night!,TEXT,2025-02-22 18:37:10.817,PENDING
486,e12d414f-869e-4944-b7fc-92bad20398a3,ba1a10af-b0b8-4cb3-8e45-301986fc6d4b,I'll be there in 10 mins.,TEXT,2025-03-08 20:55:10.817,READ
487,b3dc9dcd-7883-4fd9-b5bd-08a0496aeafe,bb461247-b0a6-4dcd-b18d-16cddb605a3e,I'll be there in 10 mins.,TEXT,2025-03-07 22:05:10.817,READ
488,8742cdd5-1610-4472-b3dc-de4d54223d77,bb461247-b0a6-4dcd-b18d-16cddb605a3e,Good morning!,TEXT,2025-02-25 06:27:10.817,DELIVERED
489,e12d414f-869e-4944-b7fc-92bad20398a3,b3dc9dcd-7883-4fd9-b5bd-08a0496aeafe,What's up?,TEXT,2025-03-02 17:54:10.817,READ
490,ba1a10af-b0b8-4cb3-8e45-301986fc6d4b,e12d414f-869e-4944-b7fc-92bad20398a3,"Hey, how are you?",TEXT,2025-02-12 00:00:10.817,PENDING
491,bb461247-b0a6-4dcd-b18d-16cddb605a3e,d26b7a65-19a4-4143-a8b2-3ce289b06405,I'll be there in 10 mins.,TEXT,2025-02-13 10:52:10.817,READ
492,8742cdd5-1610-4472-b3dc-de4d54223d77,bb461247-b0a6-4dcd-b18d-16cddb605a3e,I'll be there in 10 mins.,TEXT,2025-03-09 18:55:10.817,DELIVERED
493,ba1a10af-b0b8-4cb3-8e45-301986fc6d4b,8742cdd5-1610-4472-b3dc-de4d54223d77,Good night!,TEXT,2025-02-27 13:34:10.817,DELIVERED
494,bb461247-b0a6-4dcd-b18d-16cddb605a3e,ba1a10af-b0b8-4cb3-8e45-301986fc6d4b,What's up?,TEXT,2025-03-05 15:25:10.817,DELIVERED
495,e12d414f-869e-4944-b7fc-92bad20398a3,d26b7a65-19a4-4143-a8b2-3ce289b06405,"Hey, how are you?",TEXT,2025-03-07 02:04:10.817,PENDING
496,bb461247-b0a6-4dcd-b18d-16cddb605a3e,b3dc9dcd-7883-4fd9-b5bd-08a0496aeafe,Good morning!,TEXT,2025-02-28 09:32:10.817,DELETED
497,8742cdd5-1610-4472-b3dc-de4d54223d77,ba1a10af-b0b8-4cb3-8e45-301986fc6d4b,"Hey, how are you?",TEXT,2025-03-10 04:51:10.817,PENDING
498,8742cdd5-1610-4472-b3dc-de4d54223d77,ba1a10af-b0b8-4cb3-8e45-301986fc6d4b,See you later.,TEXT,2025-03-01 13:12:10.817,DELETED
499,ff1f145b-9dd1-447c-91af-7502c17775e3,b3dc9dcd-7883-4fd9-b5bd-08a0496aeafe,Good night!,TEXT,2025-02-22 08:27:10.817,DELETED
500,b3dc9dcd-7883-4fd9-b5bd-08a0496aeafe,8742cdd5-1610-4472-b3dc-de4d54223d77,What's up?,TEXT,2025-03-05 23:54:10.817,DELIVERED
501,bb461247-b0a6-4dcd-b18d-16cddb605a3e,e12d414f-869e-4944-b7fc-92bad20398a3,Let's go for lunch.,TEXT,2025-03-06 13:45:10.817,DELETED
502,ba1a10af-b0b8-4cb3-8e45-301986fc6d4b,bb461247-b0a6-4dcd-b18d-16cddb605a3e,Good night!,TEXT,2025-03-08 23:22:10.817,PENDING
503,ff1f145b-9dd1-447c-91af-7502c17775e3,b3dc9dcd-7883-4fd9-b5bd-08a0496aeafe,Congratulations on your achievement!,TEXT,2025-02-18 04:43:10.817,DELETED
504,d26b7a65-19a4-4143-a8b2-3ce289b06405,e12d414f-869e-4944-b7fc-92bad20398a3,What's up?,TEXT,2025-02-15 19:48:10.817,READ
505,bb461247-b0a6-4dcd-b18d-16cddb605a3e,d26b7a65-19a4-4143-a8b2-3ce289b06405,See you later.,TEXT,2025-02-27 00:02:10.817,PENDING
506,b3dc9dcd-7883-4fd9-b5bd-08a0496aeafe,bb461247-b0a6-4dcd-b18d-16cddb605a3e,Take care!,TEXT,2025-02-24 07:12:10.817,PENDING
507,e12d414f-869e-4944-b7fc-92bad20398a3,b3dc9dcd-7883-4fd9-b5bd-08a0496aeafe,Take care!,TEXT,2025-02-28 03:16:10.817,DELIVERED
508,8742cdd5-1610-4472-b3dc-de4d54223d77,e12d414f-869e-4944-b7fc-92bad20398a3,Have a great day!,TEXT,2025-02-12 12:19:10.817,DELIVERED
509,ff1f145b-9dd1-447c-91af-7502c17775e3,ba1a10af-b0b8-4cb3-8e45-301986fc6d4b,Have a great day!,TEXT,2025-02-27 22:37:10.817,DELIVERED
510,e12d414f-869e-4944-b7fc-92bad20398a3,b3dc9dcd-7883-4fd9-b5bd-08a0496aeafe,Good night!,TEXT,2025-02-22 23:06:10.817,DELIVERED
511,8742cdd5-1610-4472-b3dc-de4d54223d77,d26b7a65-19a4-4143-a8b2-3ce289b06405,Let's meet tomorrow.,TEXT,2025-02-14 16:12:10.817,DELETED
512,ba1a10af-b0b8-4cb3-8e45-301986fc6d4b,e12d414f-869e-4944-b7fc-92bad20398a3,Good night!,TEXT,2025-03-01 15:20:10.817,DELIVERED
513,ba1a10af-b0b8-4cb3-8e45-301986fc6d4b,d26b7a65-19a4-4143-a8b2-3ce289b06405,Have a great day!,TEXT,2025-03-05 09:40:10.817,DELETED
514,bb461247-b0a6-4dcd-b18d-16cddb605a3e,ff1f145b-9dd1-447c-91af-7502c17775e3,Call me when you're free.,TEXT,2025-03-08 14:12:10.817,PENDING
515,e12d414f-869e-4944-b7fc-92bad20398a3,ba1a10af-b0b8-4cb3-8e45-301986fc6d4b,Call me when you're free.,TEXT,2025-02-28 01:38:10.817,DELETED
516,e12d414f-869e-4944-b7fc-92bad20398a3,b3dc9dcd-7883-4fd9-b5bd-08a0496aeafe,Congratulations on your achievement!,TEXT,2025-02-20 23:13:10.817,PENDING
517,ff1f145b-9dd1-447c-91af-7502c17775e3,bb461247-b0a6-4dcd-b18d-16cddb605a3e,Where are you?,TEXT,2025-02-22 04:11:10.817,DELIVERED
518,ba1a10af-b0b8-4cb3-8e45-301986fc6d4b,d26b7a65-19a4-4143-a8b2-3ce289b06405,"Hey, how are you?",TEXT,2025-02-27 10:21:10.817,DELETED
519,bb461247-b0a6-4dcd-b18d-16cddb605a3e,d26b7a65-19a4-4143-a8b2-3ce289b06405,Congratulations on your achievement!,TEXT,2025-03-04 07:46:10.817,DELIVERED
520,ff1f145b-9dd1-447c-91af-7502c17775e3,b3dc9dcd-7883-4fd9-b5bd-08a0496aeafe,Let's go for lunch.,TEXT,2025-02-16 08:08:10.817,DELIVERED
521,ba1a10af-b0b8-4cb3-8e45-301986fc6d4b,bb461247-b0a6-4dcd-b18d-16cddb605a3e,Where are you?,TEXT,2025-02-13 06:45:10.817,READ
522,d26b7a65-19a4-4143-a8b2-3ce289b06405,e12d414f-869e-4944-b7fc-92bad20398a3,Call me when you're free.,TEXT,2025-03-02 00:38:10.817,PENDING
523,bb461247-b0a6-4dcd-b18d-16cddb605a3e,8742cdd5-1610-4472-b3dc-de4d54223d77,"Hey, how are you?",TEXT,2025-02-20 10:18:10.817,READ
524,ff1f145b-9dd1-447c-91af-7502c17775e3,8742cdd5-1610-4472-b3dc-de4d54223d77,Where are you?,TEXT,2025-02-22 17:09:10.817,READ
525,ff1f145b-9dd1-447c-91af-7502c17775e3,ba1a10af-b0b8-4cb3-8e45-301986fc6d4b,Happy Birthday!,TEXT,2025-02-21 18:38:10.817,PENDING
526,d26b7a65-19a4-4143-a8b2-3ce289b06405,bb461247-b0a6-4dcd-b18d-16cddb605a3e,Good night!,TEXT,2025-02-19 20:36:10.817,DELETED
527,b3dc9dcd-7883-4fd9-b5bd-08a0496aeafe,ba1a10af-b0b8-4cb3-8e45-301986fc6d4b,Good morning!,TEXT,2025-03-01 20:31:10.817,DELETED
528,ba1a10af-b0b8-4cb3-8e45-301986fc6d4b,8742cdd5-1610-4472-b3dc-de4d54223d77,Call me when you're free.,TEXT,2025-03-08 00:24:10.817,DELETED
529,bb461247-b0a6-4dcd-b18d-16cddb605a3e,ff1f145b-9dd1-447c-91af-7502c17775e3,"Hey, how are you?",TEXT,2025-02-14 03:12:10.817,DELIVERED
530,b3dc9dcd-7883-4fd9-b5bd-08a0496aeafe,e12d414f-869e-4944-b7fc-92bad20398a3,Let's go for lunch.,TEXT,2025-03-01 09:01:10.817,READ
531,e12d414f-869e-4944-b7fc-92bad20398a3,ff1f145b-9dd1-447c-91af-7502c17775e3,Let's go for lunch.,TEXT,2025-02-22 22:55:10.817,READ
532,b3dc9dcd-7883-4fd9-b5bd-08a0496aeafe,d26b7a65-19a4-4143-a8b2-3ce289b06405,Let's meet tomorrow.,TEXT,2025-02-27 18:25:10.817,READ
533,ff1f145b-9dd1-447c-91af-7502c17775e3,bb461247-b0a6-4dcd-b18d-16cddb605a3e,Let's go for lunch.,TEXT,2025-02-13 01:38:10.817,DELETED
534,b3dc9dcd-7883-4fd9-b5bd-08a0496aeafe,8742cdd5-1610-4472-b3dc-de4d54223d77,"Hey, how are you?",TEXT,2025-02-20 07:22:10.817,READ
535,e12d414f-869e-4944-b7fc-92bad20398a3,d26b7a65-19a4-4143-a8b2-3ce289b06405,Where are you?,TEXT,2025-02-11 02:35:10.817,DELETED
536,d26b7a65-19a4-4143-a8b2-3ce289b06405,bb461247-b0a6-4dcd-b18d-16cddb605a3e,Did you complete the task?,TEXT,2025-02-15 19:52:10.817,DELIVERED
537,8742cdd5-1610-4472-b3dc-de4d54223d77,d26b7a65-19a4-4143-a8b2-3ce289b06405,Call me when you're free.,TEXT,2025-02-13 10:20:10.817,READ
538,e12d414f-869e-4944-b7fc-92bad20398a3,b3dc9dcd-7883-4fd9-b5bd-08a0496aeafe,Where are you?,TEXT,2025-02-25 21:48:10.817,DELIVERED
539,b3dc9dcd-7883-4fd9-b5bd-08a0496aeafe,ba1a10af-b0b8-4cb3-8e45-301986fc6d4b,I'll be there in 10 mins.,TEXT,2025-03-01 20:05:10.817,DELETED
540,ba1a10af-b0b8-4cb3-8e45-301986fc6d4b,e12d414f-869e-4944-b7fc-92bad20398a3,Have a great day!,TEXT,2025-02-19 11:24:10.817,READ
541,d26b7a65-19a4-4143-a8b2-3ce289b06405,ff1f145b-9dd1-447c-91af-7502c17775e3,Good night!,TEXT,2025-02-11 08:04:10.817,DELIVERED
542,d26b7a65-19a4-4143-a8b2-3ce289b06405,e12d414f-869e-4944-b7fc-92bad20398a3,Take care!,TEXT,2025-02-18 20:17:10.817,PENDING
543,b3dc9dcd-7883-4fd9-b5bd-08a0496aeafe,bb461247-b0a6-4dcd-b18d-16cddb605a3e,I'll be there in 10 mins.,TEXT,2025-03-10 04:33:10.817,DELIVERED
544,bb461247-b0a6-4dcd-b18d-16cddb605a3e,8742cdd5-1610-4472-b3dc-de4d54223d77,Call me when you're free.,TEXT,2025-03-11 02:46:10.817,PENDING
545,bb461247-b0a6-4dcd-b18d-16cddb605a3e,ba1a10af-b0b8-4cb3-8e45-301986fc6d4b,What's up?,TEXT,2025-02-13 20:49:10.817,PENDING
546,ba1a10af-b0b8-4cb3-8e45-301986fc6d4b,8742cdd5-1610-4472-b3dc-de4d54223d77,Have a great day!,TEXT,2025-03-01 04:40:10.817,PENDING
547,bb461247-b0a6-4dcd-b18d-16cddb605a3e,b3dc9dcd-7883-4fd9-b5bd-08a0496aeafe,Did you complete the task?,TEXT,2025-03-08 14:16:10.817,READ
548,d26b7a65-19a4-4143-a8b2-3ce289b06405,e12d414f-869e-4944-b7fc-92bad20398a3,Let's meet tomorrow.,TEXT,2025-03-04 23:09:10.817,PENDING
549,ba1a10af-b0b8-4cb3-8e45-301986fc6d4b,d26b7a65-19a4-4143-a8b2-3ce289b06405,"Hey, how are you?",TEXT,2025-02-22 23:02:10.817,DELIVERED
550,e12d414f-869e-4944-b7fc-92bad20398a3,ba1a10af-b0b8-4cb3-8e45-301986fc6d4b,Good night!,TEXT,2025-03-10 18:51:10.817,DELETED
551,b3dc9dcd-7883-4fd9-b5bd-08a0496aeafe,ff1f145b-9dd1-447c-91af-7502c17775e3,Take care!,TEXT,2025-02-15 06:29:10.817,PENDING
552,8742cdd5-1610-4472-b3dc-de4d54223d77,d26b7a65-19a4-4143-a8b2-3ce289b06405,Did you complete the task?,TEXT,2025-03-07 08:13:10.817,PENDING
553,d26b7a65-19a4-4143-a8b2-3ce289b06405,b3dc9dcd-7883-4fd9-b5bd-08a0496aeafe,See you later.,TEXT,2025-02-24 13:35:10.817,DELETED
554,ba1a10af-b0b8-4cb3-8e45-301986fc6d4b,d26b7a65-19a4-4143-a8b2-3ce289b06405,Did you complete the task?,TEXT,2025-02-20 04:09:10.817,READ
555,e12d414f-869e-4944-b7fc-92bad20398a3,ff1f145b-9dd1-447c-91af-7502c17775e3,Good morning!,TEXT,2025-02-12 23:20:10.817,DELETED
556,d26b7a65-19a4-4143-a8b2-3ce289b06405,e12d414f-869e-4944-b7fc-92bad20398a3,Good night!,TEXT,2025-02-20 04:33:10.817,PENDING
557,ff1f145b-9dd1-447c-91af-7502c17775e3,d26b7a65-19a4-4143-a8b2-3ce289b06405,Call me when you're free.,TEXT,2025-02-19 16:03:10.817,DELETED
558,e12d414f-869e-4944-b7fc-92bad20398a3,ff1f145b-9dd1-447c-91af-7502c17775e3,Where are you?,TEXT,2025-03-11 12:29:10.817,DELIVERED
559,d26b7a65-19a4-4143-a8b2-3ce289b06405,bb461247-b0a6-4dcd-b18d-16cddb605a3e,"Hey, how are you?",TEXT,2025-02-27 02:25:10.817,PENDING
560,8742cdd5-1610-4472-b3dc-de4d54223d77,e12d414f-869e-4944-b7fc-92bad20398a3,I'll be there in 10 mins.,TEXT,2025-02-20 18:47:10.817,DELETED
561,e12d414f-869e-4944-b7fc-92bad20398a3,ba1a10af-b0b8-4cb3-8e45-301986fc6d4b,Good night!,TEXT,2025-02-14 13:31:10.817,DELIVERED
562,ba1a10af-b0b8-4cb3-8e45-301986fc6d4b,e12d414f-869e-4944-b7fc-92bad20398a3,I'll be there in 10 mins.,TEXT,2025-02-19 17:09:10.817,DELIVERED
563,bb461247-b0a6-4dcd-b18d-16cddb605a3e,8742cdd5-1610-4472-b3dc-de4d54223d77,Good night!,TEXT,2025-02-19 01:32:10.817,READ
564,bb461247-b0a6-4dcd-b18d-16cddb605a3e,d26b7a65-19a4-4143-a8b2-3ce289b06405,I'll be there in 10 mins.,TEXT,2025-02-15 19:23:10.817,DELETED
565,d26b7a65-19a4-4143-a8b2-3ce289b06405,b3dc9dcd-7883-4fd9-b5bd-08a0496aeafe,See you later.,TEXT,2025-02-22 16:48:10.817,DELETED
566,b3dc9dcd-7883-4fd9-b5bd-08a0496aeafe,ff1f145b-9dd1-447c-91af-7502c17775e3,Did you complete the task?,TEXT,2025-03-01 08:36:10.817,DELIVERED
567,8742cdd5-1610-4472-b3dc-de4d54223d77,e12d414f-869e-4944-b7fc-92bad20398a3,What's up?,TEXT,2025-03-05 17:18:10.817,DELETED
568,b3dc9dcd-7883-4fd9-b5bd-08a0496aeafe,ba1a10af-b0b8-4cb3-8e45-301986fc6d4b,Good morning!,TEXT,2025-02-12 04:00:10.817,PENDING
569,d26b7a65-19a4-4143-a8b2-3ce289b06405,ff1f145b-9dd1-447c-91af-7502c17775e3,Good morning!,TEXT,2025-02-11 13:38:10.817,READ
570,8742cdd5-1610-4472-b3dc-de4d54223d77,d26b7a65-19a4-4143-a8b2-3ce289b06405,Good morning!,TEXT,2025-02-15 01:57:10.817,DELETED
571,ba1a10af-b0b8-4cb3-8e45-301986fc6d4b,8742cdd5-1610-4472-b3dc-de4d54223d77,What's up?,TEXT,2025-02-21 08:28:10.817,DELIVERED
572,d26b7a65-19a4-4143-a8b2-3ce289b06405,ff1f145b-9dd1-447c-91af-7502c17775e3,See you later.,TEXT,2025-02-28 14:08:10.817,DELIVERED
573,d26b7a65-19a4-4143-a8b2-3ce289b06405,8742cdd5-1610-4472-b3dc-de4d54223d77,Have a great day!,TEXT,2025-03-03 16:36:10.817,PENDING
574,b3dc9dcd-7883-4fd9-b5bd-08a0496aeafe,8742cdd5-1610-4472-b3dc-de4d54223d77,Did you complete the task?,TEXT,2025-03-03 11:07:10.817,READ
575,b3dc9dcd-7883-4fd9-b5bd-08a0496aeafe,ff1f145b-9dd1-447c-91af-7502c17775e3,What's up?,TEXT,2025-03-06 21:10:10.817,READ
576,ff1f145b-9dd1-447c-91af-7502c17775e3,b3dc9dcd-7883-4fd9-b5bd-08a0496aeafe,"Hey, how are you?",TEXT,2025-03-07 04:54:10.817,DELETED
577,ff1f145b-9dd1-447c-91af-7502c17775e3,e12d414f-869e-4944-b7fc-92bad20398a3,Happy Birthday!,TEXT,2025-03-11 08:43:10.817,DELIVERED
578,bb461247-b0a6-4dcd-b18d-16cddb605a3e,e12d414f-869e-4944-b7fc-92bad20398a3,Good morning!,TEXT,2025-02-11 02:46:10.817,DELETED
579,ff1f145b-9dd1-447c-91af-7502c17775e3,8742cdd5-1610-4472-b3dc-de4d54223d77,"Hey, how are you?",TEXT,2025-02-11 05:37:10.817,DELIVERED
580,b3dc9dcd-7883-4fd9-b5bd-08a0496aeafe,8742cdd5-1610-4472-b3dc-de4d54223d77,See you later.,TEXT,2025-03-10 11:38:10.817,READ
581,e12d414f-869e-4944-b7fc-92bad20398a3,b3dc9dcd-7883-4fd9-b5bd-08a0496aeafe,Congratulations on your achievement!,TEXT,2025-02-23 11:46:10.817,PENDING
582,bb461247-b0a6-4dcd-b18d-16cddb605a3e,e12d414f-869e-4944-b7fc-92bad20398a3,Did you complete the task?,TEXT,2025-02-13 09:28:10.817,DELIVERED
583,ba1a10af-b0b8-4cb3-8e45-301986fc6d4b,d26b7a65-19a4-4143-a8b2-3ce289b06405,What's up?,TEXT,2025-02-20 21:26:10.817,DELETED
584,e12d414f-869e-4944-b7fc-92bad20398a3,8742cdd5-1610-4472-b3dc-de4d54223d77,See you later.,TEXT,2025-03-09 04:38:10.817,PENDING
585,e12d414f-869e-4944-b7fc-92bad20398a3,ba1a10af-b0b8-4cb3-8e45-301986fc6d4b,Congratulations on your achievement!,TEXT,2025-03-03 19:25:10.817,DELETED
586,b3dc9dcd-7883-4fd9-b5bd-08a0496aeafe,ba1a10af-b0b8-4cb3-8e45-301986fc6d4b,I'll be there in 10 mins.,TEXT,2025-02-17 13:55:10.817,READ
587,8742cdd5-1610-4472-b3dc-de4d54223d77,bb461247-b0a6-4dcd-b18d-16cddb605a3e,Call me when you're free.,TEXT,2025-03-07 15:21:10.817,DELETED
588,ff1f145b-9dd1-447c-91af-7502c17775e3,b3dc9dcd-7883-4fd9-b5bd-08a0496aeafe,Let's go for lunch.,TEXT,2025-03-06 01:22:10.817,PENDING
589,b3dc9dcd-7883-4fd9-b5bd-08a0496aeafe,bb461247-b0a6-4dcd-b18d-16cddb605a3e,What's up?,TEXT,2025-03-02 16:12:10.817,DELETED
590,b3dc9dcd-7883-4fd9-b5bd-08a0496aeafe,d26b7a65-19a4-4143-a8b2-3ce289b06405,Good night!,TEXT,2025-02-15 12:39:10.817,DELIVERED
591,d26b7a65-19a4-4143-a8b2-3ce289b06405,8742cdd5-1610-4472-b3dc-de4d54223d77,Take care!,TEXT,2025-03-09 04:19:10.817,READ
592,8742cdd5-1610-4472-b3dc-de4d54223d77,ff1f145b-9dd1-447c-91af-7502c17775e3,Call me when you're free.,TEXT,2025-03-08 22:12:10.817,DELIVERED
593,d26b7a65-19a4-4143-a8b2-3ce289b06405,8742cdd5-1610-4472-b3dc-de4d54223d77,"Hey, how are you?",TEXT,2025-02-21 11:31:10.817,DELIVERED
594,b3dc9dcd-7883-4fd9-b5bd-08a0496aeafe,ba1a10af-b0b8-4cb3-8e45-301986fc6d4b,Good morning!,TEXT,2025-03-05 02:33:10.817,DELETED
595,d26b7a65-19a4-4143-a8b2-3ce289b06405,8742cdd5-1610-4472-b3dc-de4d54223d77,I'll be there in 10 mins.,TEXT,2025-02-19 17:51:10.817,PENDING
596,d26b7a65-19a4-4143-a8b2-3ce289b06405,ff1f145b-9dd1-447c-91af-7502c17775e3,Have a great day!,TEXT,2025-02-11 19:10:10.817,DELETED
597,e12d414f-869e-4944-b7fc-92bad20398a3,b3dc9dcd-7883-4fd9-b5bd-08a0496aeafe,Good night!,TEXT,2025-03-09 19:22:10.817,READ
598,ff1f145b-9dd1-447c-91af-7502c17775e3,d26b7a65-19a4-4143-a8b2-3ce289b06405,Have a great day!,TEXT,2025-02-11 05:16:10.817,DELIVERED
599,ff1f145b-9dd1-447c-91af-7502c17775e3,ba1a10af-b0b8-4cb3-8e45-301986fc6d4b,Good morning!,TEXT,2025-02-12 04:11:10.817,PENDING
600,b3dc9dcd-7883-4fd9-b5bd-08a0496aeafe,8742cdd5-1610-4472-b3dc-de4d54223d77,Did you complete the task?,TEXT,2025-02-21 06:25:10.817,READ
601,b3dc9dcd-7883-4fd9-b5bd-08a0496aeafe,ba1a10af-b0b8-4cb3-8e45-301986fc6d4b,I'll be there in 10 mins.,TEXT,2025-02-12 04:24:10.817,READ
602,e12d414f-869e-4944-b7fc-92bad20398a3,ba1a10af-b0b8-4cb3-8e45-301986fc6d4b,Let's meet tomorrow.,TEXT,2025-03-12 12:37:10.817,DELETED
603,bb461247-b0a6-4dcd-b18d-16cddb605a3e,d26b7a65-19a4-4143-a8b2-3ce289b06405,See you later.,TEXT,2025-02-15 01:27:10.817,DELETED
604,bb461247-b0a6-4dcd-b18d-16cddb605a3e,ba1a10af-b0b8-4cb3-8e45-301986fc6d4b,Have a great day!,TEXT,2025-02-24 17:12:10.817,READ
605,e12d414f-869e-4944-b7fc-92bad20398a3,bb461247-b0a6-4dcd-b18d-16cddb605a3e,Call me when you're free.,TEXT,2025-03-02 20:32:10.817,READ
606,8742cdd5-1610-4472-b3dc-de4d54223d77,ff1f145b-9dd1-447c-91af-7502c17775e3,I'll be there in 10 mins.,TEXT,2025-02-21 05:18:10.817,PENDING
607,ba1a10af-b0b8-4cb3-8e45-301986fc6d4b,e12d414f-869e-4944-b7fc-92bad20398a3,Happy Birthday!,TEXT,2025-02-19 02:53:10.817,PENDING
608,8742cdd5-1610-4472-b3dc-de4d54223d77,bb461247-b0a6-4dcd-b18d-16cddb605a3e,Good morning!,TEXT,2025-02-13 16:22:10.817,READ
609,d26b7a65-19a4-4143-a8b2-3ce289b06405,e12d414f-869e-4944-b7fc-92bad20398a3,Have a great day!,TEXT,2025-03-03 08:48:10.817,DELIVERED
610,bb461247-b0a6-4dcd-b18d-16cddb605a3e,d26b7a65-19a4-4143-a8b2-3ce289b06405,Good night!,TEXT,2025-02-15 19:03:10.817,DELETED
611,e12d414f-869e-4944-b7fc-92bad20398a3,bb461247-b0a6-4dcd-b18d-16cddb605a3e,Call me when you're free.,TEXT,2025-02-23 10:29:10.817,DELIVERED
612,ff1f145b-9dd1-447c-91af-7502c17775e3,8742cdd5-1610-4472-b3dc-de4d54223d77,Did you complete the task?,TEXT,2025-02-12 13:33:10.817,DELIVERED
613,d26b7a65-19a4-4143-a8b2-3ce289b06405,e12d414f-869e-4944-b7fc-92bad20398a3,Happy Birthday!,TEXT,2025-03-10 16:25:10.817,READ
614,e12d414f-869e-4944-b7fc-92bad20398a3,bb461247-b0a6-4dcd-b18d-16cddb605a3e,What's up?,TEXT,2025-02-27 15:02:10.817,PENDING
615,8742cdd5-1610-4472-b3dc-de4d54223d77,b3dc9dcd-7883-4fd9-b5bd-08a0496aeafe,Congratulations on your achievement!,TEXT,2025-02-16 05:38:10.817,READ
616,e12d414f-869e-4944-b7fc-92bad20398a3,b3dc9dcd-7883-4fd9-b5bd-08a0496aeafe,Let's go for lunch.,TEXT,2025-02-25 19:58:10.817,PENDING
617,d26b7a65-19a4-4143-a8b2-3ce289b06405,ba1a10af-b0b8-4cb3-8e45-301986fc6d4b,Call me when you're free.,TEXT,2025-02-28 21:28:10.817,READ
618,d26b7a65-19a4-4143-a8b2-3ce289b06405,ba1a10af-b0b8-4cb3-8e45-301986fc6d4b,See you later.,TEXT,2025-03-11 18:26:10.817,DELIVERED
619,ff1f145b-9dd1-447c-91af-7502c17775e3,8742cdd5-1610-4472-b3dc-de4d54223d77,"Hey, how are you?",TEXT,2025-02-24 14:38:10.817,PENDING
620,e12d414f-869e-4944-b7fc-92bad20398a3,8742cdd5-1610-4472-b3dc-de4d54223d77,Have a great day!,TEXT,2025-02-12 19:42:10.817,DELETED
621,8742cdd5-1610-4472-b3dc-de4d54223d77,d26b7a65-19a4-4143-a8b2-3ce289b06405,"Hey, how are you?",TEXT,2025-03-05 15:01:10.817,DELETED
622,ba1a10af-b0b8-4cb3-8e45-301986fc6d4b,8742cdd5-1610-4472-b3dc-de4d54223d77,Call me when you're free.,TEXT,2025-02-20 08:24:10.817,DELIVERED
623,ba1a10af-b0b8-4cb3-8e45-301986fc6d4b,e12d414f-869e-4944-b7fc-92bad20398a3,Good night!,TEXT,2025-02-18 11:45:10.817,DELIVERED
624,bb461247-b0a6-4dcd-b18d-16cddb605a3e,d26b7a65-19a4-4143-a8b2-3ce289b06405,Let's go for lunch.,TEXT,2025-02-23 02:14:10.817,DELETED
625,d26b7a65-19a4-4143-a8b2-3ce289b06405,bb461247-b0a6-4dcd-b18d-16cddb605a3e,Take care!,TEXT,2025-03-04 17:41:10.817,READ
626,e12d414f-869e-4944-b7fc-92bad20398a3,ff1f145b-9dd1-447c-91af-7502c17775e3,Good morning!,TEXT,2025-03-02 19:43:10.817,DELETED
627,ff1f145b-9dd1-447c-91af-7502c17775e3,b3dc9dcd-7883-4fd9-b5bd-08a0496aeafe,Let's go for lunch.,TEXT,2025-02-18 07:57:10.817,PENDING
628,d26b7a65-19a4-4143-a8b2-3ce289b06405,b3dc9dcd-7883-4fd9-b5bd-08a0496aeafe,Call me when you're free.,TEXT,2025-02-13 23:42:10.817,READ
629,ba1a10af-b0b8-4cb3-8e45-301986fc6d4b,8742cdd5-1610-4472-b3dc-de4d54223d77,Take care!,TEXT,2025-02-26 05:35:10.817,PENDING
630,e12d414f-869e-4944-b7fc-92bad20398a3,ba1a10af-b0b8-4cb3-8e45-301986fc6d4b,"Hey, how are you?",TEXT,2025-03-09 17:42:10.817,DELETED
631,ff1f145b-9dd1-447c-91af-7502c17775e3,ba1a10af-b0b8-4cb3-8e45-301986fc6d4b,Did you complete the task?,TEXT,2025-02-21 18:18:10.817,DELIVERED
632,ba1a10af-b0b8-4cb3-8e45-301986fc6d4b,bb461247-b0a6-4dcd-b18d-16cddb605a3e,Good night!,TEXT,2025-02-17 18:28:10.817,READ
633,8742cdd5-1610-4472-b3dc-de4d54223d77,ba1a10af-b0b8-4cb3-8e45-301986fc6d4b,Take care!,TEXT,2025-02-28 02:04:10.817,DELETED
634,ba1a10af-b0b8-4cb3-8e45-301986fc6d4b,8742cdd5-1610-4472-b3dc-de4d54223d77,Good morning!,TEXT,2025-03-02 00:36:10.817,READ
635,ff1f145b-9dd1-447c-91af-7502c17775e3,bb461247-b0a6-4dcd-b18d-16cddb605a3e,Happy Birthday!,TEXT,2025-02-19 20:31:10.817,READ
636,ba1a10af-b0b8-4cb3-8e45-301986fc6d4b,e12d414f-869e-4944-b7fc-92bad20398a3,Did you complete the task?,TEXT,2025-02-27 07:59:10.817,READ
637,bb461247-b0a6-4dcd-b18d-16cddb605a3e,e12d414f-869e-4944-b7fc-92bad20398a3,Have a great day!,TEXT,2025-02-12 05:43:10.817,DELIVERED
638,ff1f145b-9dd1-447c-91af-7502c17775e3,e12d414f-869e-4944-b7fc-92bad20398a3,"Hey, how are you?",TEXT,2025-03-05 08:17:10.817,READ
639,bb461247-b0a6-4dcd-b18d-16cddb605a3e,8742cdd5-1610-4472-b3dc-de4d54223d77,Let's meet tomorrow.,TEXT,2025-03-08 12:00:10.817,DELETED
640,e12d414f-869e-4944-b7fc-92bad20398a3,8742cdd5-1610-4472-b3dc-de4d54223d77,"Hey, how are you?",TEXT,2025-02-24 07:15:10.817,PENDING
641,ba1a10af-b0b8-4cb3-8e45-301986fc6d4b,8742cdd5-1610-4472-b3dc-de4d54223d77,Happy Birthday!,TEXT,2025-02-28 15:02:10.817,DELETED
642,b3dc9dcd-7883-4fd9-b5bd-08a0496aeafe,e12d414f-869e-4944-b7fc-92bad20398a3,"Hey, how are you?",TEXT,2025-02-25 16:21:10.817,DELETED
643,d26b7a65-19a4-4143-a8b2-3ce289b06405,b3dc9dcd-7883-4fd9-b5bd-08a0496aeafe,Congratulations on your achievement!,TEXT,2025-02-11 20:59:10.817,DELIVERED
644,b3dc9dcd-7883-4fd9-b5bd-08a0496aeafe,bb461247-b0a6-4dcd-b18d-16cddb605a3e,Congratulations on your achievement!,TEXT,2025-02-19 15:07:10.817,DELIVERED
645,bb461247-b0a6-4dcd-b18d-16cddb605a3e,b3dc9dcd-7883-4fd9-b5bd-08a0496aeafe,Did you complete the task?,TEXT,2025-02-11 02:01:10.817,READ
646,bb461247-b0a6-4dcd-b18d-16cddb605a3e,d26b7a65-19a4-4143-a8b2-3ce289b06405,Let's go for lunch.,TEXT,2025-02-26 11:34:10.817,DELIVERED
647,d26b7a65-19a4-4143-a8b2-3ce289b06405,ff1f145b-9dd1-447c-91af-7502c17775e3,Take care!,TEXT,2025-02-13 17:44:10.817,DELIVERED
648,ff1f145b-9dd1-447c-91af-7502c17775e3,8742cdd5-1610-4472-b3dc-de4d54223d77,I'll be there in 10 mins.,TEXT,2025-03-11 10:10:10.817,PENDING
649,b3dc9dcd-7883-4fd9-b5bd-08a0496aeafe,e12d414f-869e-4944-b7fc-92bad20398a3,I'll be there in 10 mins.,TEXT,2025-02-26 13:39:10.817,DELETED
650,e12d414f-869e-4944-b7fc-92bad20398a3,ba1a10af-b0b8-4cb3-8e45-301986fc6d4b,"Hey, how are you?",TEXT,2025-02-17 01:00:10.817,DELETED
651,bb461247-b0a6-4dcd-b18d-16cddb605a3e,ff1f145b-9dd1-447c-91af-7502c17775e3,Let's go for lunch.,TEXT,2025-03-06 03:16:10.817,READ
652,e12d414f-869e-4944-b7fc-92bad20398a3,bb461247-b0a6-4dcd-b18d-16cddb605a3e,Where are you?,TEXT,2025-02-23 06:19:10.817,READ
653,e12d414f-869e-4944-b7fc-92bad20398a3,8742cdd5-1610-4472-b3dc-de4d54223d77,Where are you?,TEXT,2025-03-11 23:38:10.817,DELIVERED
654,ba1a10af-b0b8-4cb3-8e45-301986fc6d4b,b3dc9dcd-7883-4fd9-b5bd-08a0496aeafe,Happy Birthday!,TEXT,2025-03-03 10:22:10.817,DELETED
655,e12d414f-869e-4944-b7fc-92bad20398a3,ba1a10af-b0b8-4cb3-8e45-301986fc6d4b,What's up?,TEXT,2025-02-10 23:24:10.817,READ
656,b3dc9dcd-7883-4fd9-b5bd-08a0496aeafe,e12d414f-869e-4944-b7fc-92bad20398a3,Where are you?,TEXT,2025-02-10 16:43:10.817,PENDING
657,ff1f145b-9dd1-447c-91af-7502c17775e3,bb461247-b0a6-4dcd-b18d-16cddb605a3e,Let's go for lunch.,TEXT,2025-03-06 18:36:10.817,PENDING
658,bb461247-b0a6-4dcd-b18d-16cddb605a3e,d26b7a65-19a4-4143-a8b2-3ce289b06405,Good morning!,TEXT,2025-03-03 21:51:10.817,DELETED
659,bb461247-b0a6-4dcd-b18d-16cddb605a3e,ff1f145b-9dd1-447c-91af-7502c17775e3,I'll be there in 10 mins.,TEXT,2025-03-03 06:25:10.817,PENDING
660,ff1f145b-9dd1-447c-91af-7502c17775e3,b3dc9dcd-7883-4fd9-b5bd-08a0496aeafe,Did you complete the task?,TEXT,2025-02-28 08:27:10.817,READ
661,d26b7a65-19a4-4143-a8b2-3ce289b06405,8742cdd5-1610-4472-b3dc-de4d54223d77,Call me when you're free.,TEXT,2025-02-20 23:43:10.817,PENDING
662,ff1f145b-9dd1-447c-91af-7502c17775e3,bb461247-b0a6-4dcd-b18d-16cddb605a3e,Let's go for lunch.,TEXT,2025-02-11 20:13:10.817,DELETED
663,bb461247-b0a6-4dcd-b18d-16cddb605a3e,d26b7a65-19a4-4143-a8b2-3ce289b06405,Call me when you're free.,TEXT,2025-03-10 20:31:10.817,READ
664,8742cdd5-1610-4472-b3dc-de4d54223d77,bb461247-b0a6-4dcd-b18d-16cddb605a3e,I'll be there in 10 mins.,TEXT,2025-02-25 07:46:10.817,PENDING
665,b3dc9dcd-7883-4fd9-b5bd-08a0496aeafe,e12d414f-869e-4944-b7fc-92bad20398a3,I'll be there in 10 mins.,TEXT,2025-02-13 06:09:10.817,PENDING
666,ff1f145b-9dd1-447c-91af-7502c17775e3,e12d414f-869e-4944-b7fc-92bad20398a3,Have a great day!,TEXT,2025-02-20 22:17:10.817,DELETED
667,bb461247-b0a6-4dcd-b18d-16cddb605a3e,b3dc9dcd-7883-4fd9-b5bd-08a0496aeafe,Where are you?,TEXT,2025-02-24 18:54:10.817,PENDING
668,d26b7a65-19a4-4143-a8b2-3ce289b06405,bb461247-b0a6-4dcd-b18d-16cddb605a3e,Call me when you're free.,TEXT,2025-02-13 06:34:10.817,DELETED
669,e12d414f-869e-4944-b7fc-92bad20398a3,8742cdd5-1610-4472-b3dc-de4d54223d77,Good morning!,TEXT,2025-02-13 11:31:10.817,READ
670,e12d414f-869e-4944-b7fc-92bad20398a3,ff1f145b-9dd1-447c-91af-7502c17775e3,What's up?,TEXT,2025-03-08 15:19:10.817,DELETED
671,8742cdd5-1610-4472-b3dc-de4d54223d77,ff1f145b-9dd1-447c-91af-7502c17775e3,See you later.,TEXT,2025-02-14 05:18:10.817,PENDING
672,e12d414f-869e-4944-b7fc-92bad20398a3,b3dc9dcd-7883-4fd9-b5bd-08a0496aeafe,Let's go for lunch.,TEXT,2025-02-23 10:52:10.817,READ
673,ba1a10af-b0b8-4cb3-8e45-301986fc6d4b,e12d414f-869e-4944-b7fc-92bad20398a3,Let's go for lunch.,TEXT,2025-02-28 13:04:10.817,DELETED
674,bb461247-b0a6-4dcd-b18d-16cddb605a3e,b3dc9dcd-7883-4fd9-b5bd-08a0496aeafe,See you later.,TEXT,2025-02-21 22:44:10.817,DELIVERED
675,b3dc9dcd-7883-4fd9-b5bd-08a0496aeafe,8742cdd5-1610-4472-b3dc-de4d54223d77,Have a great day!,TEXT,2025-02-21 16:09:10.817,READ
676,8742cdd5-1610-4472-b3dc-de4d54223d77,ba1a10af-b0b8-4cb3-8e45-301986fc6d4b,I'll be there in 10 mins.,TEXT,2025-03-02 09:43:10.817,READ
677,ba1a10af-b0b8-4cb3-8e45-301986fc6d4b,b3dc9dcd-7883-4fd9-b5bd-08a0496aeafe,Have a great day!,TEXT,2025-02-16 01:49:10.817,DELETED
678,8742cdd5-1610-4472-b3dc-de4d54223d77,b3dc9dcd-7883-4fd9-b5bd-08a0496aeafe,Let's go for lunch.,TEXT,2025-02-23 02:13:10.817,DELIVERED
679,b3dc9dcd-7883-4fd9-b5bd-08a0496aeafe,d26b7a65-19a4-4143-a8b2-3ce289b06405,"Hey, how are you?",TEXT,2025-03-08 04:34:10.817,READ
680,8742cdd5-1610-4472-b3dc-de4d54223d77,ba1a10af-b0b8-4cb3-8e45-301986fc6d4b,Good night!,TEXT,2025-02-14 05:51:10.817,DELIVERED
681,8742cdd5-1610-4472-b3dc-de4d54223d77,e12d414f-869e-4944-b7fc-92bad20398a3,Did you complete the task?,TEXT,2025-02-15 07:24:10.817,PENDING
682,ff1f145b-9dd1-447c-91af-7502c17775e3,b3dc9dcd-7883-4fd9-b5bd-08a0496aeafe,What's up?,TEXT,2025-03-11 12:17:10.817,READ
683,d26b7a65-19a4-4143-a8b2-3ce289b06405,8742cdd5-1610-4472-b3dc-de4d54223d77,Congratulations on your achievement!,TEXT,2025-02-12 02:49:10.817,DELIVERED
684,e12d414f-869e-4944-b7fc-92bad20398a3,bb461247-b0a6-4dcd-b18d-16cddb605a3e,Where are you?,TEXT,2025-02-16 05:04:10.817,PENDING
685,b3dc9dcd-7883-4fd9-b5bd-08a0496aeafe,e12d414f-869e-4944-b7fc-92bad20398a3,Good morning!,TEXT,2025-03-08 08:14:10.817,READ
686,d26b7a65-19a4-4143-a8b2-3ce289b06405,b3dc9dcd-7883-4fd9-b5bd-08a0496aeafe,Take care!,TEXT,2025-02-26 17:52:10.817,PENDING
687,e12d414f-869e-4944-b7fc-92bad20398a3,d26b7a65-19a4-4143-a8b2-3ce289b06405,I'll be there in 10 mins.,TEXT,2025-02-14 22:55:10.817,DELIVERED
688,d26b7a65-19a4-4143-a8b2-3ce289b06405,ff1f145b-9dd1-447c-91af-7502c17775e3,See you later.,TEXT,2025-02-20 22:17:10.817,READ
689,d26b7a65-19a4-4143-a8b2-3ce289b06405,8742cdd5-1610-4472-b3dc-de4d54223d77,I'll be there in 10 mins.,TEXT,2025-03-01 09:46:10.817,DELETED
690,ba1a10af-b0b8-4cb3-8e45-301986fc6d4b,8742cdd5-1610-4472-b3dc-de4d54223d77,"Hey, how are you?",TEXT,2025-03-01 03:51:10.817,DELIVERED
691,e12d414f-869e-4944-b7fc-92bad20398a3,d26b7a65-19a4-4143-a8b2-3ce289b06405,See you later.,TEXT,2025-03-02 22:43:10.817,PENDING
692,8742cdd5-1610-4472-b3dc-de4d54223d77,ba1a10af-b0b8-4cb3-8e45-301986fc6d4b,Have a great day!,TEXT,2025-02-22 13:04:10.817,DELIVERED
693,ba1a10af-b0b8-4cb3-8e45-301986fc6d4b,bb461247-b0a6-4dcd-b18d-16cddb605a3e,Have a great day!,TEXT,2025-02-17 20:31:10.817,READ
694,ff1f145b-9dd1-447c-91af-7502c17775e3,bb461247-b0a6-4dcd-b18d-16cddb605a3e,Where are you?,TEXT,2025-02-24 00:17:10.817,PENDING
695,ba1a10af-b0b8-4cb3-8e45-301986fc6d4b,d26b7a65-19a4-4143-a8b2-3ce289b06405,Have a great day!,TEXT,2025-02-18 13:48:10.817,PENDING
696,8742cdd5-1610-4472-b3dc-de4d54223d77,e12d414f-869e-4944-b7fc-92bad20398a3,Have a great day!,TEXT,2025-02-14 08:00:10.817,DELIVERED
697,e12d414f-869e-4944-b7fc-92bad20398a3,d26b7a65-19a4-4143-a8b2-3ce289b06405,See you later.,TEXT,2025-02-19 12:10:10.817,DELETED
698,ff1f145b-9dd1-447c-91af-7502c17775e3,d26b7a65-19a4-4143-a8b2-3ce289b06405,Where are you?,TEXT,2025-03-09 08:31:10.817,PENDING
699,b3dc9dcd-7883-4fd9-b5bd-08a0496aeafe,d26b7a65-19a4-4143-a8b2-3ce289b06405,Take care!,TEXT,2025-03-04 13:26:10.817,READ
700,8742cdd5-1610-4472-b3dc-de4d54223d77,ba1a10af-b0b8-4cb3-8e45-301986fc6d4b,Have a great day!,TEXT,2025-02-24 20:40:10.817,PENDING
701,b3dc9dcd-7883-4fd9-b5bd-08a0496aeafe,8742cdd5-1610-4472-b3dc-de4d54223d77,Did you complete the task?,TEXT,2025-03-12 14:25:10.817,DELIVERED
702,d26b7a65-19a4-4143-a8b2-3ce289b06405,bb461247-b0a6-4dcd-b18d-16cddb605a3e,Call me when you're free.,TEXT,2025-02-24 00:04:10.817,DELETED
703,b3dc9dcd-7883-4fd9-b5bd-08a0496aeafe,ff1f145b-9dd1-447c-91af-7502c17775e3,Happy Birthday!,TEXT,2025-03-07 21:05:10.817,PENDING
704,b3dc9dcd-7883-4fd9-b5bd-08a0496aeafe,e12d414f-869e-4944-b7fc-92bad20398a3,Have a great day!,TEXT,2025-02-28 13:24:10.817,PENDING
705,b3dc9dcd-7883-4fd9-b5bd-08a0496aeafe,ff1f145b-9dd1-447c-91af-7502c17775e3,Good morning!,TEXT,2025-03-06 02:06:10.817,DELETED
706,ff1f145b-9dd1-447c-91af-7502c17775e3,ba1a10af-b0b8-4cb3-8e45-301986fc6d4b,Good night!,TEXT,2025-03-07 01:30:10.817,DELIVERED
707,d26b7a65-19a4-4143-a8b2-3ce289b06405,b3dc9dcd-7883-4fd9-b5bd-08a0496aeafe,Happy Birthday!,TEXT,2025-03-06 16:24:10.817,READ
708,8742cdd5-1610-4472-b3dc-de4d54223d77,ff1f145b-9dd1-447c-91af-7502c17775e3,Good night!,TEXT,2025-02-13 06:10:10.817,DELIVERED
709,d26b7a65-19a4-4143-a8b2-3ce289b06405,8742cdd5-1610-4472-b3dc-de4d54223d77,Take care!,TEXT,2025-02-17 04:54:10.817,DELETED
710,b3dc9dcd-7883-4fd9-b5bd-08a0496aeafe,bb461247-b0a6-4dcd-b18d-16cddb605a3e,See you later.,TEXT,2025-03-10 00:17:10.817,DELIVERED
711,b3dc9dcd-7883-4fd9-b5bd-08a0496aeafe,ba1a10af-b0b8-4cb3-8e45-301986fc6d4b,Let's meet tomorrow.,TEXT,2025-02-16 14:13:10.817,DELETED
712,e12d414f-869e-4944-b7fc-92bad20398a3,bb461247-b0a6-4dcd-b18d-16cddb605a3e,Let's go for lunch.,TEXT,2025-02-25 06:40:10.817,DELIVERED
713,ff1f145b-9dd1-447c-91af-7502c17775e3,8742cdd5-1610-4472-b3dc-de4d54223d77,Have a great day!,TEXT,2025-03-01 20:07:10.817,PENDING
714,ba1a10af-b0b8-4cb3-8e45-301986fc6d4b,8742cdd5-1610-4472-b3dc-de4d54223d77,I'll be there in 10 mins.,TEXT,2025-02-22 23:06:10.817,DELETED
715,e12d414f-869e-4944-b7fc-92bad20398a3,8742cdd5-1610-4472-b3dc-de4d54223d77,Let's go for lunch.,TEXT,2025-03-02 16:38:10.817,DELETED
716,ba1a10af-b0b8-4cb3-8e45-301986fc6d4b,ff1f145b-9dd1-447c-91af-7502c17775e3,"Hey, how are you?",TEXT,2025-03-12 06:12:10.817,DELETED
717,ff1f145b-9dd1-447c-91af-7502c17775e3,d26b7a65-19a4-4143-a8b2-3ce289b06405,Did you complete the task?,TEXT,2025-02-21 12:23:10.817,READ
718,ba1a10af-b0b8-4cb3-8e45-301986fc6d4b,e12d414f-869e-4944-b7fc-92bad20398a3,Did you complete the task?,TEXT,2025-03-04 02:09:10.817,PENDING
719,b3dc9dcd-7883-4fd9-b5bd-08a0496aeafe,e12d414f-869e-4944-b7fc-92bad20398a3,Congratulations on your achievement!,TEXT,2025-02-24 06:11:10.817,PENDING
720,8742cdd5-1610-4472-b3dc-de4d54223d77,bb461247-b0a6-4dcd-b18d-16cddb605a3e,Where are you?,TEXT,2025-02-27 03:22:10.817,DELETED
721,bb461247-b0a6-4dcd-b18d-16cddb605a3e,e12d414f-869e-4944-b7fc-92bad20398a3,"Hey, how are you?",TEXT,2025-03-10 19:51:10.817,PENDING
722,d26b7a65-19a4-4143-a8b2-3ce289b06405,b3dc9dcd-7883-4fd9-b5bd-08a0496aeafe,I'll be there in 10 mins.,TEXT,2025-02-13 00:58:10.817,DELETED
723,d26b7a65-19a4-4143-a8b2-3ce289b06405,ff1f145b-9dd1-447c-91af-7502c17775e3,Let's go for lunch.,TEXT,2025-03-10 16:46:10.817,DELETED
724,e12d414f-869e-4944-b7fc-92bad20398a3,bb461247-b0a6-4dcd-b18d-16cddb605a3e,Good morning!,TEXT,2025-02-21 00:19:10.817,DELIVERED
725,8742cdd5-1610-4472-b3dc-de4d54223d77,e12d414f-869e-4944-b7fc-92bad20398a3,Good morning!,TEXT,2025-03-12 08:11:10.817,DELETED
726,b3dc9dcd-7883-4fd9-b5bd-08a0496aeafe,ff1f145b-9dd1-447c-91af-7502c17775e3,I'll be there in 10 mins.,TEXT,2025-03-01 12:23:10.817,PENDING
727,e12d414f-869e-4944-b7fc-92bad20398a3,b3dc9dcd-7883-4fd9-b5bd-08a0496aeafe,Let's meet tomorrow.,TEXT,2025-02-11 01:35:10.817,PENDING
728,b3dc9dcd-7883-4fd9-b5bd-08a0496aeafe,bb461247-b0a6-4dcd-b18d-16cddb605a3e,Let's go for lunch.,TEXT,2025-03-07 20:26:10.817,DELIVERED
729,ff1f145b-9dd1-447c-91af-7502c17775e3,e12d414f-869e-4944-b7fc-92bad20398a3,Call me when you're free.,TEXT,2025-02-26 12:59:10.817,DELIVERED
730,ff1f145b-9dd1-447c-91af-7502c17775e3,ba1a10af-b0b8-4cb3-8e45-301986fc6d4b,Have a great day!,TEXT,2025-03-11 03:45:10.817,PENDING
731,e12d414f-869e-4944-b7fc-92bad20398a3,8742cdd5-1610-4472-b3dc-de4d54223d77,Congratulations on your achievement!,TEXT,2025-02-21 06:35:10.817,PENDING
732,bb461247-b0a6-4dcd-b18d-16cddb605a3e,d26b7a65-19a4-4143-a8b2-3ce289b06405,Where are you?,TEXT,2025-02-19 08:33:10.817,READ
733,e12d414f-869e-4944-b7fc-92bad20398a3,ba1a10af-b0b8-4cb3-8e45-301986fc6d4b,See you later.,TEXT,2025-03-09 22:26:10.817,DELIVERED
734,e12d414f-869e-4944-b7fc-92bad20398a3,8742cdd5-1610-4472-b3dc-de4d54223d77,Where are you?,TEXT,2025-02-16 16:27:10.817,READ
735,e12d414f-869e-4944-b7fc-92bad20398a3,d26b7a65-19a4-4143-a8b2-3ce289b06405,Call me when you're free.,TEXT,2025-02-15 14:20:10.817,PENDING
736,d26b7a65-19a4-4143-a8b2-3ce289b06405,e12d414f-869e-4944-b7fc-92bad20398a3,See you later.,TEXT,2025-03-07 11:33:10.817,DELETED
737,d26b7a65-19a4-4143-a8b2-3ce289b06405,ba1a10af-b0b8-4cb3-8e45-301986fc6d4b,See you later.,TEXT,2025-02-18 20:24:10.817,READ
738,ff1f145b-9dd1-447c-91af-7502c17775e3,d26b7a65-19a4-4143-a8b2-3ce289b06405,Let's meet tomorrow.,TEXT,2025-03-04 05:43:10.817,DELIVERED
739,bb461247-b0a6-4dcd-b18d-16cddb605a3e,ff1f145b-9dd1-447c-91af-7502c17775e3,Where are you?,TEXT,2025-03-08 12:27:10.817,DELETED
740,ff1f145b-9dd1-447c-91af-7502c17775e3,bb461247-b0a6-4dcd-b18d-16cddb605a3e,I'll be there in 10 mins.,TEXT,2025-02-26 21:51:10.817,DELIVERED
741,ff1f145b-9dd1-447c-91af-7502c17775e3,8742cdd5-1610-4472-b3dc-de4d54223d77,Have a great day!,TEXT,2025-02-20 18:47:10.817,DELIVERED
742,ba1a10af-b0b8-4cb3-8e45-301986fc6d4b,8742cdd5-1610-4472-b3dc-de4d54223d77,Have a great day!,TEXT,2025-03-03 04:24:10.817,READ
743,e12d414f-869e-4944-b7fc-92bad20398a3,b3dc9dcd-7883-4fd9-b5bd-08a0496aeafe,Happy Birthday!,TEXT,2025-02-16 18:06:10.817,DELETED
744,ba1a10af-b0b8-4cb3-8e45-301986fc6d4b,bb461247-b0a6-4dcd-b18d-16cddb605a3e,Call me when you're free.,TEXT,2025-02-18 15:07:10.817,PENDING
745,ba1a10af-b0b8-4cb3-8e45-301986fc6d4b,8742cdd5-1610-4472-b3dc-de4d54223d77,What's up?,TEXT,2025-03-02 21:11:10.817,DELIVERED
746,b3dc9dcd-7883-4fd9-b5bd-08a0496aeafe,d26b7a65-19a4-4143-a8b2-3ce289b06405,What's up?,TEXT,2025-02-14 13:11:10.817,DELETED
747,bb461247-b0a6-4dcd-b18d-16cddb605a3e,b3dc9dcd-7883-4fd9-b5bd-08a0496aeafe,Congratulations on your achievement!,TEXT,2025-03-02 08:15:10.817,DELIVERED
748,bb461247-b0a6-4dcd-b18d-16cddb605a3e,ba1a10af-b0b8-4cb3-8e45-301986fc6d4b,Congratulations on your achievement!,TEXT,2025-02-13 07:56:10.817,DELIVERED
749,ba1a10af-b0b8-4cb3-8e45-301986fc6d4b,e12d414f-869e-4944-b7fc-92bad20398a3,What's up?,TEXT,2025-02-23 08:38:10.817,READ
750,ba1a10af-b0b8-4cb3-8e45-301986fc6d4b,e12d414f-869e-4944-b7fc-92bad20398a3,Have a great day!,TEXT,2025-03-11 18:11:10.817,PENDING
751,8742cdd5-1610-4472-b3dc-de4d54223d77,b3dc9dcd-7883-4fd9-b5bd-08a0496aeafe,Where are you?,TEXT,2025-03-09 03:04:10.817,DELIVERED
752,e12d414f-869e-4944-b7fc-92bad20398a3,d26b7a65-19a4-4143-a8b2-3ce289b06405,Happy Birthday!,TEXT,2025-03-06 09:20:10.817,DELIVERED
753,ba1a10af-b0b8-4cb3-8e45-301986fc6d4b,d26b7a65-19a4-4143-a8b2-3ce289b06405,Let's meet tomorrow.,TEXT,2025-03-07 03:03:10.817,PENDING
754,d26b7a65-19a4-4143-a8b2-3ce289b06405,b3dc9dcd-7883-4fd9-b5bd-08a0496aeafe,Congratulations on your achievement!,TEXT,2025-03-01 02:51:10.817,DELIVERED
755,d26b7a65-19a4-4143-a8b2-3ce289b06405,ba1a10af-b0b8-4cb3-8e45-301986fc6d4b,Where are you?,TEXT,2025-02-21 22:30:10.817,PENDING
756,e12d414f-869e-4944-b7fc-92bad20398a3,d26b7a65-19a4-4143-a8b2-3ce289b06405,Congratulations on your achievement!,TEXT,2025-03-08 19:34:10.817,DELETED
757,bb461247-b0a6-4dcd-b18d-16cddb605a3e,ff1f145b-9dd1-447c-91af-7502c17775e3,I'll be there in 10 mins.,TEXT,2025-02-16 21:29:10.817,DELIVERED
758,ba1a10af-b0b8-4cb3-8e45-301986fc6d4b,e12d414f-869e-4944-b7fc-92bad20398a3,Take care!,TEXT,2025-03-02 01:05:10.817,PENDING
759,b3dc9dcd-7883-4fd9-b5bd-08a0496aeafe,ff1f145b-9dd1-447c-91af-7502c17775e3,What's up?,TEXT,2025-03-04 22:33:10.817,DELETED
760,ba1a10af-b0b8-4cb3-8e45-301986fc6d4b,b3dc9dcd-7883-4fd9-b5bd-08a0496aeafe,Let's go for lunch.,TEXT,2025-03-03 17:04:10.817,DELETED
761,ba1a10af-b0b8-4cb3-8e45-301986fc6d4b,ff1f145b-9dd1-447c-91af-7502c17775e3,Did you complete the task?,TEXT,2025-03-12 01:54:10.817,DELETED
762,8742cdd5-1610-4472-b3dc-de4d54223d77,e12d414f-869e-4944-b7fc-92bad20398a3,Where are you?,TEXT,2025-02-11 21:36:10.817,PENDING
763,ba1a10af-b0b8-4cb3-8e45-301986fc6d4b,d26b7a65-19a4-4143-a8b2-3ce289b06405,Call me when you're free.,TEXT,2025-03-10 00:00:10.817,PENDING
764,ff1f145b-9dd1-447c-91af-7502c17775e3,d26b7a65-19a4-4143-a8b2-3ce289b06405,I'll be there in 10 mins.,TEXT,2025-02-11 14:12:10.817,DELIVERED
765,d26b7a65-19a4-4143-a8b2-3ce289b06405,bb461247-b0a6-4dcd-b18d-16cddb605a3e,See you later.,TEXT,2025-03-07 21:09:10.817,PENDING
766,ff1f145b-9dd1-447c-91af-7502c17775e3,b3dc9dcd-7883-4fd9-b5bd-08a0496aeafe,Good night!,TEXT,2025-03-01 18:32:10.817,PENDING
767,ff1f145b-9dd1-447c-91af-7502c17775e3,d26b7a65-19a4-4143-a8b2-3ce289b06405,Congratulations on your achievement!,TEXT,2025-02-26 18:41:10.817,PENDING
768,b3dc9dcd-7883-4fd9-b5bd-08a0496aeafe,ba1a10af-b0b8-4cb3-8e45-301986fc6d4b,Good morning!,TEXT,2025-02-24 18:51:10.817,DELIVERED
769,bb461247-b0a6-4dcd-b18d-16cddb605a3e,ba1a10af-b0b8-4cb3-8e45-301986fc6d4b,Take care!,TEXT,2025-03-08 07:57:10.817,DELIVERED
770,b3dc9dcd-7883-4fd9-b5bd-08a0496aeafe,8742cdd5-1610-4472-b3dc-de4d54223d77,Let's meet tomorrow.,TEXT,2025-03-01 09:50:10.817,DELIVERED
771,d26b7a65-19a4-4143-a8b2-3ce289b06405,bb461247-b0a6-4dcd-b18d-16cddb605a3e,Where are you?,TEXT,2025-02-20 02:56:10.817,PENDING
772,d26b7a65-19a4-4143-a8b2-3ce289b06405,ff1f145b-9dd1-447c-91af-7502c17775e3,I'll be there in 10 mins.,TEXT,2025-03-05 11:49:10.817,READ
773,8742cdd5-1610-4472-b3dc-de4d54223d77,e12d414f-869e-4944-b7fc-92bad20398a3,Where are you?,TEXT,2025-03-11 21:04:10.817,DELIVERED
774,bb461247-b0a6-4dcd-b18d-16cddb605a3e,8742cdd5-1610-4472-b3dc-de4d54223d77,Happy Birthday!,TEXT,2025-02-16 21:06:10.817,PENDING
775,b3dc9dcd-7883-4fd9-b5bd-08a0496aeafe,e12d414f-869e-4944-b7fc-92bad20398a3,Take care!,TEXT,2025-02-21 22:14:10.817,DELIVERED
776,ba1a10af-b0b8-4cb3-8e45-301986fc6d4b,bb461247-b0a6-4dcd-b18d-16cddb605a3e,Happy Birthday!,TEXT,2025-02-12 10:23:10.817,READ
777,8742cdd5-1610-4472-b3dc-de4d54223d77,bb461247-b0a6-4dcd-b18d-16cddb605a3e,What's up?,TEXT,2025-03-05 12:08:10.817,PENDING
778,b3dc9dcd-7883-4fd9-b5bd-08a0496aeafe,8742cdd5-1610-4472-b3dc-de4d54223d77,Let's go for lunch.,TEXT,2025-03-02 04:13:10.817,DELIVERED
779,ba1a10af-b0b8-4cb3-8e45-301986fc6d4b,e12d414f-869e-4944-b7fc-92bad20398a3,Let's go for lunch.,TEXT,2025-02-21 03:58:10.817,PENDING
780,d26b7a65-19a4-4143-a8b2-3ce289b06405,b3dc9dcd-7883-4fd9-b5bd-08a0496aeafe,I'll be there in 10 mins.,TEXT,2025-02-18 00:10:10.817,DELIVERED
781,b3dc9dcd-7883-4fd9-b5bd-08a0496aeafe,ff1f145b-9dd1-447c-91af-7502c17775e3,See you later.,TEXT,2025-02-21 15:35:10.817,DELETED
782,bb461247-b0a6-4dcd-b18d-16cddb605a3e,b3dc9dcd-7883-4fd9-b5bd-08a0496aeafe,Did you complete the task?,TEXT,2025-02-22 15:52:10.817,PENDING
783,d26b7a65-19a4-4143-a8b2-3ce289b06405,e12d414f-869e-4944-b7fc-92bad20398a3,Let's meet tomorrow.,TEXT,2025-03-10 19:14:10.817,DELIVERED
784,b3dc9dcd-7883-4fd9-b5bd-08a0496aeafe,bb461247-b0a6-4dcd-b18d-16cddb605a3e,I'll be there in 10 mins.,TEXT,2025-02-11 06:48:10.817,DELIVERED
785,d26b7a65-19a4-4143-a8b2-3ce289b06405,e12d414f-869e-4944-b7fc-92bad20398a3,Let's go for lunch.,TEXT,2025-03-11 08:13:10.817,READ
786,ba1a10af-b0b8-4cb3-8e45-301986fc6d4b,ff1f145b-9dd1-447c-91af-7502c17775e3,Good night!,TEXT,2025-02-27 00:06:10.817,DELETED
787,8742cdd5-1610-4472-b3dc-de4d54223d77,ff1f145b-9dd1-447c-91af-7502c17775e3,Let's meet tomorrow.,TEXT,2025-03-05 23:57:10.817,READ
788,ff1f145b-9dd1-447c-91af-7502c17775e3,e12d414f-869e-4944-b7fc-92bad20398a3,Call me when you're free.,TEXT,2025-03-06 20:40:10.817,DELETED
789,e12d414f-869e-4944-b7fc-92bad20398a3,8742cdd5-1610-4472-b3dc-de4d54223d77,"Hey, how are you?",TEXT,2025-03-08 01:31:10.817,DELIVERED
790,d26b7a65-19a4-4143-a8b2-3ce289b06405,8742cdd5-1610-4472-b3dc-de4d54223d77,What's up?,TEXT,2025-03-06 19:18:10.817,PENDING
791,ba1a10af-b0b8-4cb3-8e45-301986fc6d4b,b3dc9dcd-7883-4fd9-b5bd-08a0496aeafe,Good morning!,TEXT,2025-02-15 08:53:10.817,DELETED
792,e12d414f-869e-4944-b7fc-92bad20398a3,bb461247-b0a6-4dcd-b18d-16cddb605a3e,What's up?,TEXT,2025-03-02 15:02:10.817,DELIVERED
793,d26b7a65-19a4-4143-a8b2-3ce289b06405,b3dc9dcd-7883-4fd9-b5bd-08a0496aeafe,Have a great day!,TEXT,2025-03-11 18:12:10.817,READ
794,ba1a10af-b0b8-4cb3-8e45-301986fc6d4b,b3dc9dcd-7883-4fd9-b5bd-08a0496aeafe,Take care!,TEXT,2025-02-26 02:03:10.817,PENDING
795,8742cdd5-1610-4472-b3dc-de4d54223d77,b3dc9dcd-7883-4fd9-b5bd-08a0496aeafe,"Hey, how are you?",TEXT,2025-02-15 18:55:10.817,PENDING
796,d26b7a65-19a4-4143-a8b2-3ce289b06405,ba1a10af-b0b8-4cb3-8e45-301986fc6d4b,Let's meet tomorrow.,TEXT,2025-02-22 23:07:10.817,READ
797,b3dc9dcd-7883-4fd9-b5bd-08a0496aeafe,8742cdd5-1610-4472-b3dc-de4d54223d77,Happy Birthday!,TEXT,2025-03-04 22:03:10.817,DELETED
798,ba1a10af-b0b8-4cb3-8e45-301986fc6d4b,e12d414f-869e-4944-b7fc-92bad20398a3,Call me when you're free.,TEXT,2025-02-27 17:16:10.817,READ
799,ba1a10af-b0b8-4cb3-8e45-301986fc6d4b,d26b7a65-19a4-4143-a8b2-3ce289b06405,Let's meet tomorrow.,TEXT,2025-02-12 19:24:10.817,READ
800,ff1f145b-9dd1-447c-91af-7502c17775e3,8742cdd5-1610-4472-b3dc-de4d54223d77,"Hey, how are you?",TEXT,2025-02-24 09:59:10.817,PENDING
801,d26b7a65-19a4-4143-a8b2-3ce289b06405,ba1a10af-b0b8-4cb3-8e45-301986fc6d4b,"Hey, how are you?",TEXT,2025-02-23 02:56:10.817,READ
802,bb461247-b0a6-4dcd-b18d-16cddb605a3e,e12d414f-869e-4944-b7fc-92bad20398a3,Let's go for lunch.,TEXT,2025-03-10 15:30:10.817,READ
803,ff1f145b-9dd1-447c-91af-7502c17775e3,ba1a10af-b0b8-4cb3-8e45-301986fc6d4b,Have a great day!,TEXT,2025-02-28 11:22:10.817,DELIVERED
804,8742cdd5-1610-4472-b3dc-de4d54223d77,e12d414f-869e-4944-b7fc-92bad20398a3,See you later.,TEXT,2025-03-09 21:16:10.817,PENDING
805,ff1f145b-9dd1-447c-91af-7502c17775e3,e12d414f-869e-4944-b7fc-92bad20398a3,I'll be there in 10 mins.,TEXT,2025-02-21 00:30:10.817,PENDING
806,8742cdd5-1610-4472-b3dc-de4d54223d77,d26b7a65-19a4-4143-a8b2-3ce289b06405,Happy Birthday!,TEXT,2025-02-13 06:28:10.817,DELIVERED
807,8742cdd5-1610-4472-b3dc-de4d54223d77,ff1f145b-9dd1-447c-91af-7502c17775e3,Happy Birthday!,TEXT,2025-02-16 15:25:10.817,PENDING
808,8742cdd5-1610-4472-b3dc-de4d54223d77,d26b7a65-19a4-4143-a8b2-3ce289b06405,Have a great day!,TEXT,2025-02-16 18:57:10.817,DELETED
809,ff1f145b-9dd1-447c-91af-7502c17775e3,e12d414f-869e-4944-b7fc-92bad20398a3,Did you complete the task?,TEXT,2025-02-10 22:54:10.817,READ
810,8742cdd5-1610-4472-b3dc-de4d54223d77,bb461247-b0a6-4dcd-b18d-16cddb605a3e,What's up?,TEXT,2025-03-11 08:00:10.817,READ
811,d26b7a65-19a4-4143-a8b2-3ce289b06405,8742cdd5-1610-4472-b3dc-de4d54223d77,Have a great day!,TEXT,2025-03-10 06:48:10.817,PENDING
812,8742cdd5-1610-4472-b3dc-de4d54223d77,d26b7a65-19a4-4143-a8b2-3ce289b06405,Call me when you're free.,TEXT,2025-03-05 12:15:10.817,DELIVERED
813,b3dc9dcd-7883-4fd9-b5bd-08a0496aeafe,ba1a10af-b0b8-4cb3-8e45-301986fc6d4b,Congratulations on your achievement!,TEXT,2025-03-02 15:17:10.817,DELETED
814,bb461247-b0a6-4dcd-b18d-16cddb605a3e,ff1f145b-9dd1-447c-91af-7502c17775e3,Where are you?,TEXT,2025-02-20 12:46:10.817,DELETED
815,d26b7a65-19a4-4143-a8b2-3ce289b06405,ff1f145b-9dd1-447c-91af-7502c17775e3,Happy Birthday!,TEXT,2025-03-05 09:31:10.817,DELETED
816,d26b7a65-19a4-4143-a8b2-3ce289b06405,bb461247-b0a6-4dcd-b18d-16cddb605a3e,See you later.,TEXT,2025-02-18 22:27:10.817,DELIVERED
817,b3dc9dcd-7883-4fd9-b5bd-08a0496aeafe,ff1f145b-9dd1-447c-91af-7502c17775e3,Where are you?,TEXT,2025-02-10 22:37:10.817,PENDING
818,d26b7a65-19a4-4143-a8b2-3ce289b06405,b3dc9dcd-7883-4fd9-b5bd-08a0496aeafe,Have a great day!,TEXT,2025-03-10 07:54:10.817,DELETED
819,ba1a10af-b0b8-4cb3-8e45-301986fc6d4b,e12d414f-869e-4944-b7fc-92bad20398a3,Did you complete the task?,TEXT,2025-02-14 21:30:10.817,DELIVERED
820,ff1f145b-9dd1-447c-91af-7502c17775e3,e12d414f-869e-4944-b7fc-92bad20398a3,Let's go for lunch.,TEXT,2025-02-15 11:51:10.817,DELIVERED
821,8742cdd5-1610-4472-b3dc-de4d54223d77,e12d414f-869e-4944-b7fc-92bad20398a3,Let's meet tomorrow.,TEXT,2025-02-17 11:02:10.817,DELETED
822,bb461247-b0a6-4dcd-b18d-16cddb605a3e,d26b7a65-19a4-4143-a8b2-3ce289b06405,Take care!,TEXT,2025-03-08 02:25:10.817,READ
823,8742cdd5-1610-4472-b3dc-de4d54223d77,ba1a10af-b0b8-4cb3-8e45-301986fc6d4b,Let's go for lunch.,TEXT,2025-03-06 08:33:10.817,PENDING
824,b3dc9dcd-7883-4fd9-b5bd-08a0496aeafe,bb461247-b0a6-4dcd-b18d-16cddb605a3e,Good night!,TEXT,2025-03-06 14:23:10.817,READ
825,ff1f145b-9dd1-447c-91af-7502c17775e3,ba1a10af-b0b8-4cb3-8e45-301986fc6d4b,See you later.,TEXT,2025-02-28 20:52:10.817,PENDING
826,ba1a10af-b0b8-4cb3-8e45-301986fc6d4b,bb461247-b0a6-4dcd-b18d-16cddb605a3e,I'll be there in 10 mins.,TEXT,2025-02-12 23:12:10.817,READ
827,ba1a10af-b0b8-4cb3-8e45-301986fc6d4b,b3dc9dcd-7883-4fd9-b5bd-08a0496aeafe,Good morning!,TEXT,2025-02-13 19:23:10.817,DELETED
828,ff1f145b-9dd1-447c-91af-7502c17775e3,ba1a10af-b0b8-4cb3-8e45-301986fc6d4b,Let's meet tomorrow.,TEXT,2025-02-14 06:25:10.817,DELETED
829,ba1a10af-b0b8-4cb3-8e45-301986fc6d4b,b3dc9dcd-7883-4fd9-b5bd-08a0496aeafe,Have a great day!,TEXT,2025-03-09 23:52:10.817,PENDING
830,bb461247-b0a6-4dcd-b18d-16cddb605a3e,d26b7a65-19a4-4143-a8b2-3ce289b06405,See you later.,TEXT,2025-02-23 12:18:10.817,PENDING
831,8742cdd5-1610-4472-b3dc-de4d54223d77,d26b7a65-19a4-4143-a8b2-3ce289b06405,Let's go for lunch.,TEXT,2025-03-09 00:01:10.817,READ
832,ba1a10af-b0b8-4cb3-8e45-301986fc6d4b,d26b7a65-19a4-4143-a8b2-3ce289b06405,I'll be there in 10 mins.,TEXT,2025-03-06 11:21:10.817,READ
833,ff1f145b-9dd1-447c-91af-7502c17775e3,d26b7a65-19a4-4143-a8b2-3ce289b06405,Have a great day!,TEXT,2025-03-09 05:13:10.817,PENDING
834,ba1a10af-b0b8-4cb3-8e45-301986fc6d4b,8742cdd5-1610-4472-b3dc-de4d54223d77,See you later.,TEXT,2025-03-05 12:42:10.817,DELETED
835,d26b7a65-19a4-4143-a8b2-3ce289b06405,bb461247-b0a6-4dcd-b18d-16cddb605a3e,Did you complete the task?,TEXT,2025-02-22 15:07:10.817,PENDING
836,ba1a10af-b0b8-4cb3-8e45-301986fc6d4b,d26b7a65-19a4-4143-a8b2-3ce289b06405,Have a great day!,TEXT,2025-02-27 16:19:10.817,READ
837,ba1a10af-b0b8-4cb3-8e45-301986fc6d4b,8742cdd5-1610-4472-b3dc-de4d54223d77,Did you complete the task?,TEXT,2025-03-08 19:25:10.817,READ
838,d26b7a65-19a4-4143-a8b2-3ce289b06405,ba1a10af-b0b8-4cb3-8e45-301986fc6d4b,See you later.,TEXT,2025-03-03 23:33:10.817,READ
839,ba1a10af-b0b8-4cb3-8e45-301986fc6d4b,d26b7a65-19a4-4143-a8b2-3ce289b06405,Congratulations on your achievement!,TEXT,2025-02-12 04:58:10.817,PENDING
840,ba1a10af-b0b8-4cb3-8e45-301986fc6d4b,ff1f145b-9dd1-447c-91af-7502c17775e3,Where are you?,TEXT,2025-03-07 18:51:10.817,READ
841,d26b7a65-19a4-4143-a8b2-3ce289b06405,ba1a10af-b0b8-4cb3-8e45-301986fc6d4b,What's up?,TEXT,2025-02-15 14:43:10.817,DELIVERED
842,8742cdd5-1610-4472-b3dc-de4d54223d77,ba1a10af-b0b8-4cb3-8e45-301986fc6d4b,"Hey, how are you?",TEXT,2025-02-25 16:59:10.817,DELETED
843,8742cdd5-1610-4472-b3dc-de4d54223d77,ff1f145b-9dd1-447c-91af-7502c17775e3,Good morning!,TEXT,2025-03-01 19:28:10.817,DELIVERED
844,d26b7a65-19a4-4143-a8b2-3ce289b06405,8742cdd5-1610-4472-b3dc-de4d54223d77,I'll be there in 10 mins.,TEXT,2025-02-12 02:54:10.817,PENDING
845,8742cdd5-1610-4472-b3dc-de4d54223d77,ba1a10af-b0b8-4cb3-8e45-301986fc6d4b,Good night!,TEXT,2025-02-21 16:22:10.817,PENDING
846,d26b7a65-19a4-4143-a8b2-3ce289b06405,8742cdd5-1610-4472-b3dc-de4d54223d77,Congratulations on your achievement!,TEXT,2025-03-09 18:38:10.817,READ
847,bb461247-b0a6-4dcd-b18d-16cddb605a3e,b3dc9dcd-7883-4fd9-b5bd-08a0496aeafe,What's up?,TEXT,2025-02-24 03:29:10.817,READ
848,bb461247-b0a6-4dcd-b18d-16cddb605a3e,8742cdd5-1610-4472-b3dc-de4d54223d77,Take care!,TEXT,2025-03-10 19:35:10.817,DELETED
849,d26b7a65-19a4-4143-a8b2-3ce289b06405,b3dc9dcd-7883-4fd9-b5bd-08a0496aeafe,I'll be there in 10 mins.,TEXT,2025-02-18 12:49:10.817,DELIVERED
850,8742cdd5-1610-4472-b3dc-de4d54223d77,d26b7a65-19a4-4143-a8b2-3ce289b06405,Happy Birthday!,TEXT,2025-03-10 19:17:10.817,DELIVERED
851,ff1f145b-9dd1-447c-91af-7502c17775e3,e12d414f-869e-4944-b7fc-92bad20398a3,I'll be there in 10 mins.,TEXT,2025-02-11 07:57:10.817,PENDING
852,bb461247-b0a6-4dcd-b18d-16cddb605a3e,e12d414f-869e-4944-b7fc-92bad20398a3,See you later.,TEXT,2025-02-24 00:52:10.817,DELIVERED
853,8742cdd5-1610-4472-b3dc-de4d54223d77,ba1a10af-b0b8-4cb3-8e45-301986fc6d4b,Take care!,TEXT,2025-03-06 00:16:10.817,DELIVERED
854,8742cdd5-1610-4472-b3dc-de4d54223d77,ba1a10af-b0b8-4cb3-8e45-301986fc6d4b,Happy Birthday!,TEXT,2025-02-27 00:13:10.817,READ
855,e12d414f-869e-4944-b7fc-92bad20398a3,8742cdd5-1610-4472-b3dc-de4d54223d77,What's up?,TEXT,2025-03-06 03:51:10.817,PENDING
856,ff1f145b-9dd1-447c-91af-7502c17775e3,ba1a10af-b0b8-4cb3-8e45-301986fc6d4b,Did you complete the task?,TEXT,2025-02-18 00:12:10.817,READ
857,bb461247-b0a6-4dcd-b18d-16cddb605a3e,ff1f145b-9dd1-447c-91af-7502c17775e3,Call me when you're free.,TEXT,2025-03-03 10:37:10.817,DELETED
858,d26b7a65-19a4-4143-a8b2-3ce289b06405,e12d414f-869e-4944-b7fc-92bad20398a3,Good night!,TEXT,2025-02-21 13:24:10.817,PENDING
859,8742cdd5-1610-4472-b3dc-de4d54223d77,d26b7a65-19a4-4143-a8b2-3ce289b06405,Good night!,TEXT,2025-02-14 11:49:10.817,PENDING
860,ff1f145b-9dd1-447c-91af-7502c17775e3,8742cdd5-1610-4472-b3dc-de4d54223d77,I'll be there in 10 mins.,TEXT,2025-03-11 06:29:10.817,DELIVERED
861,d26b7a65-19a4-4143-a8b2-3ce289b06405,ba1a10af-b0b8-4cb3-8e45-301986fc6d4b,Good night!,TEXT,2025-03-10 11:09:10.817,DELIVERED
862,b3dc9dcd-7883-4fd9-b5bd-08a0496aeafe,bb461247-b0a6-4dcd-b18d-16cddb605a3e,Where are you?,TEXT,2025-03-03 01:32:10.817,DELIVERED
863,8742cdd5-1610-4472-b3dc-de4d54223d77,ba1a10af-b0b8-4cb3-8e45-301986fc6d4b,Did you complete the task?,TEXT,2025-02-15 12:40:10.817,DELIVERED
864,e12d414f-869e-4944-b7fc-92bad20398a3,d26b7a65-19a4-4143-a8b2-3ce289b06405,Congratulations on your achievement!,TEXT,2025-02-13 07:27:10.817,DELETED
865,e12d414f-869e-4944-b7fc-92bad20398a3,ff1f145b-9dd1-447c-91af-7502c17775e3,Good morning!,TEXT,2025-02-28 21:58:10.817,PENDING
866,b3dc9dcd-7883-4fd9-b5bd-08a0496aeafe,e12d414f-869e-4944-b7fc-92bad20398a3,Good night!,TEXT,2025-02-28 18:13:10.817,DELETED
867,e12d414f-869e-4944-b7fc-92bad20398a3,8742cdd5-1610-4472-b3dc-de4d54223d77,Congratulations on your achievement!,TEXT,2025-03-05 04:48:10.817,DELIVERED
868,bb461247-b0a6-4dcd-b18d-16cddb605a3e,b3dc9dcd-7883-4fd9-b5bd-08a0496aeafe,Let's go for lunch.,TEXT,2025-03-12 03:06:10.817,DELIVERED
869,8742cdd5-1610-4472-b3dc-de4d54223d77,e12d414f-869e-4944-b7fc-92bad20398a3,Congratulations on your achievement!,TEXT,2025-02-10 23:57:10.817,DELIVERED
870,e12d414f-869e-4944-b7fc-92bad20398a3,b3dc9dcd-7883-4fd9-b5bd-08a0496aeafe,Good morning!,TEXT,2025-03-09 01:20:10.817,DELIVERED
871,bb461247-b0a6-4dcd-b18d-16cddb605a3e,ba1a10af-b0b8-4cb3-8e45-301986fc6d4b,Let's go for lunch.,TEXT,2025-02-20 02:49:10.817,READ
872,e12d414f-869e-4944-b7fc-92bad20398a3,ba1a10af-b0b8-4cb3-8e45-301986fc6d4b,See you later.,TEXT,2025-03-08 16:38:10.817,PENDING
873,e12d414f-869e-4944-b7fc-92bad20398a3,bb461247-b0a6-4dcd-b18d-16cddb605a3e,Happy Birthday!,TEXT,2025-02-14 00:49:10.817,DELETED
874,ff1f145b-9dd1-447c-91af-7502c17775e3,b3dc9dcd-7883-4fd9-b5bd-08a0496aeafe,See you later.,TEXT,2025-03-05 23:10:10.817,DELIVERED
875,b3dc9dcd-7883-4fd9-b5bd-08a0496aeafe,e12d414f-869e-4944-b7fc-92bad20398a3,Good morning!,TEXT,2025-03-05 19:29:10.817,READ
876,ff1f145b-9dd1-447c-91af-7502c17775e3,8742cdd5-1610-4472-b3dc-de4d54223d77,Where are you?,TEXT,2025-02-26 15:02:10.817,READ
877,ba1a10af-b0b8-4cb3-8e45-301986fc6d4b,d26b7a65-19a4-4143-a8b2-3ce289b06405,Have a great day!,TEXT,2025-02-12 08:15:10.817,DELIVERED
878,ba1a10af-b0b8-4cb3-8e45-301986fc6d4b,e12d414f-869e-4944-b7fc-92bad20398a3,See you later.,TEXT,2025-03-10 08:02:10.817,DELETED
879,d26b7a65-19a4-4143-a8b2-3ce289b06405,ba1a10af-b0b8-4cb3-8e45-301986fc6d4b,Where are you?,TEXT,2025-02-18 02:50:10.817,DELETED
880,ff1f145b-9dd1-447c-91af-7502c17775e3,ba1a10af-b0b8-4cb3-8e45-301986fc6d4b,Take care!,TEXT,2025-02-24 15:22:10.817,READ
881,e12d414f-869e-4944-b7fc-92bad20398a3,8742cdd5-1610-4472-b3dc-de4d54223d77,What's up?,TEXT,2025-02-14 11:38:10.817,DELIVERED
882,d26b7a65-19a4-4143-a8b2-3ce289b06405,8742cdd5-1610-4472-b3dc-de4d54223d77,Good morning!,TEXT,2025-02-24 19:08:10.817,DELETED
883,8742cdd5-1610-4472-b3dc-de4d54223d77,e12d414f-869e-4944-b7fc-92bad20398a3,Did you complete the task?,TEXT,2025-02-14 20:41:10.817,DELETED
884,ff1f145b-9dd1-447c-91af-7502c17775e3,b3dc9dcd-7883-4fd9-b5bd-08a0496aeafe,Have a great day!,TEXT,2025-02-20 10:48:10.817,READ
885,ba1a10af-b0b8-4cb3-8e45-301986fc6d4b,8742cdd5-1610-4472-b3dc-de4d54223d77,I'll be there in 10 mins.,TEXT,2025-02-19 05:42:10.817,DELETED
886,d26b7a65-19a4-4143-a8b2-3ce289b06405,bb461247-b0a6-4dcd-b18d-16cddb605a3e,What's up?,TEXT,2025-02-26 13:20:10.817,DELETED
887,ff1f145b-9dd1-447c-91af-7502c17775e3,b3dc9dcd-7883-4fd9-b5bd-08a0496aeafe,See you later.,TEXT,2025-02-23 10:43:10.817,READ
888,e12d414f-869e-4944-b7fc-92bad20398a3,b3dc9dcd-7883-4fd9-b5bd-08a0496aeafe,Where are you?,TEXT,2025-02-19 12:54:10.817,READ
889,d26b7a65-19a4-4143-a8b2-3ce289b06405,e12d414f-869e-4944-b7fc-92bad20398a3,Take care!,TEXT,2025-02-14 20:18:10.817,PENDING
890,bb461247-b0a6-4dcd-b18d-16cddb605a3e,d26b7a65-19a4-4143-a8b2-3ce289b06405,Have a great day!,TEXT,2025-02-27 04:34:10.817,PENDING
891,ba1a10af-b0b8-4cb3-8e45-301986fc6d4b,bb461247-b0a6-4dcd-b18d-16cddb605a3e,Did you complete the task?,TEXT,2025-02-16 02:15:10.817,DELETED
892,bb461247-b0a6-4dcd-b18d-16cddb605a3e,d26b7a65-19a4-4143-a8b2-3ce289b06405,Happy Birthday!,TEXT,2025-03-02 20:25:10.817,PENDING
893,e12d414f-869e-4944-b7fc-92bad20398a3,b3dc9dcd-7883-4fd9-b5bd-08a0496aeafe,Let's meet tomorrow.,TEXT,2025-02-13 14:13:10.817,READ
894,8742cdd5-1610-4472-b3dc-de4d54223d77,ba1a10af-b0b8-4cb3-8e45-301986fc6d4b,Take care!,TEXT,2025-02-12 01:03:10.817,PENDING
895,e12d414f-869e-4944-b7fc-92bad20398a3,ff1f145b-9dd1-447c-91af-7502c17775e3,Take care!,TEXT,2025-02-20 01:52:10.817,READ
896,bb461247-b0a6-4dcd-b18d-16cddb605a3e,e12d414f-869e-4944-b7fc-92bad20398a3,Good night!,TEXT,2025-03-04 12:42:10.817,DELIVERED
897,8742cdd5-1610-4472-b3dc-de4d54223d77,bb461247-b0a6-4dcd-b18d-16cddb605a3e,Take care!,TEXT,2025-02-22 19:01:10.817,READ
898,bb461247-b0a6-4dcd-b18d-16cddb605a3e,ff1f145b-9dd1-447c-91af-7502c17775e3,Let's meet tomorrow.,TEXT,2025-02-26 02:24:10.817,PENDING
899,8742cdd5-1610-4472-b3dc-de4d54223d77,bb461247-b0a6-4dcd-b18d-16cddb605a3e,Have a great day!,TEXT,2025-02-15 11:21:10.817,READ
900,ff1f145b-9dd1-447c-91af-7502c17775e3,e12d414f-869e-4944-b7fc-92bad20398a3,Congratulations on your achievement!,TEXT,2025-02-25 03:08:10.817,READ
901,d26b7a65-19a4-4143-a8b2-3ce289b06405,b3dc9dcd-7883-4fd9-b5bd-08a0496aeafe,Congratulations on your achievement!,TEXT,2025-02-25 12:50:10.817,DELETED
902,b3dc9dcd-7883-4fd9-b5bd-08a0496aeafe,ff1f145b-9dd1-447c-91af-7502c17775e3,Good morning!,TEXT,2025-02-24 15:43:10.817,DELETED
903,bb461247-b0a6-4dcd-b18d-16cddb605a3e,ba1a10af-b0b8-4cb3-8e45-301986fc6d4b,Congratulations on your achievement!,TEXT,2025-02-20 21:20:10.817,READ
904,b3dc9dcd-7883-4fd9-b5bd-08a0496aeafe,8742cdd5-1610-4472-b3dc-de4d54223d77,Let's meet tomorrow.,TEXT,2025-02-18 08:10:10.817,DELIVERED
905,bb461247-b0a6-4dcd-b18d-16cddb605a3e,e12d414f-869e-4944-b7fc-92bad20398a3,Take care!,TEXT,2025-02-27 06:34:10.817,READ
906,d26b7a65-19a4-4143-a8b2-3ce289b06405,ba1a10af-b0b8-4cb3-8e45-301986fc6d4b,"Hey, how are you?",TEXT,2025-03-08 05:38:10.817,DELETED
907,ba1a10af-b0b8-4cb3-8e45-301986fc6d4b,d26b7a65-19a4-4143-a8b2-3ce289b06405,Happy Birthday!,TEXT,2025-03-12 02:35:10.817,DELETED
908,bb461247-b0a6-4dcd-b18d-16cddb605a3e,e12d414f-869e-4944-b7fc-92bad20398a3,I'll be there in 10 mins.,TEXT,2025-02-14 13:09:10.817,DELETED
909,ba1a10af-b0b8-4cb3-8e45-301986fc6d4b,8742cdd5-1610-4472-b3dc-de4d54223d77,See you later.,TEXT,2025-02-28 19:55:10.817,DELIVERED
910,bb461247-b0a6-4dcd-b18d-16cddb605a3e,ba1a10af-b0b8-4cb3-8e45-301986fc6d4b,Did you complete the task?,TEXT,2025-02-25 13:42:10.817,DELIVERED
911,ff1f145b-9dd1-447c-91af-7502c17775e3,b3dc9dcd-7883-4fd9-b5bd-08a0496aeafe,Let's go for lunch.,TEXT,2025-02-11 06:21:10.817,DELIVERED
912,8742cdd5-1610-4472-b3dc-de4d54223d77,b3dc9dcd-7883-4fd9-b5bd-08a0496aeafe,Call me when you're free.,TEXT,2025-03-01 21:23:10.817,DELIVERED
913,b3dc9dcd-7883-4fd9-b5bd-08a0496aeafe,d26b7a65-19a4-4143-a8b2-3ce289b06405,Take care!,TEXT,2025-03-08 07:48:10.817,DELETED
914,e12d414f-869e-4944-b7fc-92bad20398a3,ba1a10af-b0b8-4cb3-8e45-301986fc6d4b,Take care!,TEXT,2025-03-02 05:07:10.817,PENDING
915,e12d414f-869e-4944-b7fc-92bad20398a3,ba1a10af-b0b8-4cb3-8e45-301986fc6d4b,Happy Birthday!,TEXT,2025-02-28 13:05:10.817,DELETED
916,ff1f145b-9dd1-447c-91af-7502c17775e3,bb461247-b0a6-4dcd-b18d-16cddb605a3e,Did you complete the task?,TEXT,2025-02-19 10:53:10.817,DELETED
917,d26b7a65-19a4-4143-a8b2-3ce289b06405,b3dc9dcd-7883-4fd9-b5bd-08a0496aeafe,See you later.,TEXT,2025-02-10 18:15:10.817,PENDING
918,e12d414f-869e-4944-b7fc-92bad20398a3,d26b7a65-19a4-4143-a8b2-3ce289b06405,I'll be there in 10 mins.,TEXT,2025-02-19 06:22:10.817,READ
919,b3dc9dcd-7883-4fd9-b5bd-08a0496aeafe,bb461247-b0a6-4dcd-b18d-16cddb605a3e,"Hey, how are you?",TEXT,2025-02-22 13:27:10.817,DELIVERED
920,d26b7a65-19a4-4143-a8b2-3ce289b06405,8742cdd5-1610-4472-b3dc-de4d54223d77,Good morning!,TEXT,2025-02-28 00:15:10.817,READ
921,ba1a10af-b0b8-4cb3-8e45-301986fc6d4b,e12d414f-869e-4944-b7fc-92bad20398a3,Good morning!,TEXT,2025-02-23 05:33:10.817,DELIVERED
922,e12d414f-869e-4944-b7fc-92bad20398a3,ba1a10af-b0b8-4cb3-8e45-301986fc6d4b,Call me when you're free.,TEXT,2025-02-21 01:56:10.817,DELIVERED
923,bb461247-b0a6-4dcd-b18d-16cddb605a3e,8742cdd5-1610-4472-b3dc-de4d54223d77,Let's go for lunch.,TEXT,2025-03-02 00:07:10.817,READ
924,d26b7a65-19a4-4143-a8b2-3ce289b06405,e12d414f-869e-4944-b7fc-92bad20398a3,"Hey, how are you?",TEXT,2025-02-16 06:24:10.817,DELETED
925,8742cdd5-1610-4472-b3dc-de4d54223d77,bb461247-b0a6-4dcd-b18d-16cddb605a3e,Did you complete the task?,TEXT,2025-02-14 15:03:10.817,DELETED
926,ba1a10af-b0b8-4cb3-8e45-301986fc6d4b,bb461247-b0a6-4dcd-b18d-16cddb605a3e,Happy Birthday!,TEXT,2025-03-07 14:06:10.817,DELETED
927,ff1f145b-9dd1-447c-91af-7502c17775e3,d26b7a65-19a4-4143-a8b2-3ce289b06405,Take care!,TEXT,2025-03-02 11:56:10.817,DELIVERED
928,8742cdd5-1610-4472-b3dc-de4d54223d77,b3dc9dcd-7883-4fd9-b5bd-08a0496aeafe,Good night!,TEXT,2025-03-05 06:40:10.817,DELIVERED
929,ff1f145b-9dd1-447c-91af-7502c17775e3,e12d414f-869e-4944-b7fc-92bad20398a3,What's up?,TEXT,2025-02-21 01:00:10.817,PENDING
930,ba1a10af-b0b8-4cb3-8e45-301986fc6d4b,8742cdd5-1610-4472-b3dc-de4d54223d77,I'll be there in 10 mins.,TEXT,2025-02-19 17:43:10.817,DELETED
931,d26b7a65-19a4-4143-a8b2-3ce289b06405,ff1f145b-9dd1-447c-91af-7502c17775e3,Did you complete the task?,TEXT,2025-02-14 06:11:10.817,DELETED
932,d26b7a65-19a4-4143-a8b2-3ce289b06405,8742cdd5-1610-4472-b3dc-de4d54223d77,Happy Birthday!,TEXT,2025-02-22 23:27:10.817,DELETED
933,d26b7a65-19a4-4143-a8b2-3ce289b06405,e12d414f-869e-4944-b7fc-92bad20398a3,See you later.,TEXT,2025-02-24 22:36:10.817,READ
934,bb461247-b0a6-4dcd-b18d-16cddb605a3e,ff1f145b-9dd1-447c-91af-7502c17775e3,Have a great day!,TEXT,2025-02-22 22:19:10.817,DELIVERED
935,d26b7a65-19a4-4143-a8b2-3ce289b06405,ff1f145b-9dd1-447c-91af-7502c17775e3,Call me when you're free.,TEXT,2025-03-12 15:20:10.817,DELETED
936,bb461247-b0a6-4dcd-b18d-16cddb605a3e,b3dc9dcd-7883-4fd9-b5bd-08a0496aeafe,Where are you?,TEXT,2025-02-14 14:04:10.817,PENDING
937,bb461247-b0a6-4dcd-b18d-16cddb605a3e,ba1a10af-b0b8-4cb3-8e45-301986fc6d4b,Let's meet tomorrow.,TEXT,2025-03-09 07:59:10.817,READ
938,ba1a10af-b0b8-4cb3-8e45-301986fc6d4b,ff1f145b-9dd1-447c-91af-7502c17775e3,I'll be there in 10 mins.,TEXT,2025-02-11 00:25:10.817,DELIVERED
939,ba1a10af-b0b8-4cb3-8e45-301986fc6d4b,b3dc9dcd-7883-4fd9-b5bd-08a0496aeafe,What's up?,TEXT,2025-02-12 23:26:10.817,READ
940,b3dc9dcd-7883-4fd9-b5bd-08a0496aeafe,bb461247-b0a6-4dcd-b18d-16cddb605a3e,Let's go for lunch.,TEXT,2025-02-18 01:25:10.817,READ
941,bb461247-b0a6-4dcd-b18d-16cddb605a3e,d26b7a65-19a4-4143-a8b2-3ce289b06405,Let's meet tomorrow.,TEXT,2025-03-10 07:02:10.817,DELETED
942,ff1f145b-9dd1-447c-91af-7502c17775e3,8742cdd5-1610-4472-b3dc-de4d54223d77,Take care!,TEXT,2025-02-11 01:43:10.817,DELIVERED
943,bb461247-b0a6-4dcd-b18d-16cddb605a3e,e12d414f-869e-4944-b7fc-92bad20398a3,Did you complete the task?,TEXT,2025-02-15 01:25:10.817,DELIVERED
944,b3dc9dcd-7883-4fd9-b5bd-08a0496aeafe,d26b7a65-19a4-4143-a8b2-3ce289b06405,Happy Birthday!,TEXT,2025-02-26 17:40:10.817,READ
945,e12d414f-869e-4944-b7fc-92bad20398a3,8742cdd5-1610-4472-b3dc-de4d54223d77,Take care!,TEXT,2025-03-09 21:45:10.817,PENDING
946,d26b7a65-19a4-4143-a8b2-3ce289b06405,b3dc9dcd-7883-4fd9-b5bd-08a0496aeafe,What's up?,TEXT,2025-03-09 03:10:10.817,DELETED
947,ff1f145b-9dd1-447c-91af-7502c17775e3,bb461247-b0a6-4dcd-b18d-16cddb605a3e,Congratulations on your achievement!,TEXT,2025-02-16 06:17:10.817,READ
948,ff1f145b-9dd1-447c-91af-7502c17775e3,bb461247-b0a6-4dcd-b18d-16cddb605a3e,I'll be there in 10 mins.,TEXT,2025-02-13 16:25:10.817,DELETED
949,e12d414f-869e-4944-b7fc-92bad20398a3,8742cdd5-1610-4472-b3dc-de4d54223d77,"Hey, how are you?",TEXT,2025-03-06 16:43:10.817,PENDING
950,8742cdd5-1610-4472-b3dc-de4d54223d77,e12d414f-869e-4944-b7fc-92bad20398a3,Good night!,TEXT,2025-02-25 22:00:10.817,READ
951,bb461247-b0a6-4dcd-b18d-16cddb605a3e,e12d414f-869e-4944-b7fc-92bad20398a3,Congratulations on your achievement!,TEXT,2025-02-15 04:21:10.817,READ
952,8742cdd5-1610-4472-b3dc-de4d54223d77,ba1a10af-b0b8-4cb3-8e45-301986fc6d4b,Happy Birthday!,TEXT,2025-02-11 23:21:10.817,PENDING
953,e12d414f-869e-4944-b7fc-92bad20398a3,ba1a10af-b0b8-4cb3-8e45-301986fc6d4b,Happy Birthday!,TEXT,2025-02-24 02:01:10.817,DELETED
954,e12d414f-869e-4944-b7fc-92bad20398a3,bb461247-b0a6-4dcd-b18d-16cddb605a3e,Congratulations on your achievement!,TEXT,2025-02-14 05:28:10.817,DELIVERED
955,e12d414f-869e-4944-b7fc-92bad20398a3,b3dc9dcd-7883-4fd9-b5bd-08a0496aeafe,Good morning!,TEXT,2025-02-20 08:41:10.817,READ
956,e12d414f-869e-4944-b7fc-92bad20398a3,d26b7a65-19a4-4143-a8b2-3ce289b06405,What's up?,TEXT,2025-02-18 13:03:10.817,DELIVERED
957,e12d414f-869e-4944-b7fc-92bad20398a3,ff1f145b-9dd1-447c-91af-7502c17775e3,I'll be there in 10 mins.,TEXT,2025-02-13 11:57:10.817,PENDING
958,d26b7a65-19a4-4143-a8b2-3ce289b06405,bb461247-b0a6-4dcd-b18d-16cddb605a3e,Where are you?,TEXT,2025-02-14 20:36:10.817,PENDING
959,b3dc9dcd-7883-4fd9-b5bd-08a0496aeafe,ff1f145b-9dd1-447c-91af-7502c17775e3,Happy Birthday!,TEXT,2025-02-12 23:49:10.817,READ
960,bb461247-b0a6-4dcd-b18d-16cddb605a3e,e12d414f-869e-4944-b7fc-92bad20398a3,Happy Birthday!,TEXT,2025-03-11 05:45:10.817,READ
961,8742cdd5-1610-4472-b3dc-de4d54223d77,d26b7a65-19a4-4143-a8b2-3ce289b06405,I'll be there in 10 mins.,TEXT,2025-02-11 08:08:10.817,DELIVERED
962,bb461247-b0a6-4dcd-b18d-16cddb605a3e,8742cdd5-1610-4472-b3dc-de4d54223d77,Let's meet tomorrow.,TEXT,2025-03-04 10:04:10.817,READ
963,8742cdd5-1610-4472-b3dc-de4d54223d77,ba1a10af-b0b8-4cb3-8e45-301986fc6d4b,Congratulations on your achievement!,TEXT,2025-02-27 17:39:10.817,READ
964,ff1f145b-9dd1-447c-91af-7502c17775e3,b3dc9dcd-7883-4fd9-b5bd-08a0496aeafe,"Hey, how are you?",TEXT,2025-03-12 16:12:10.817,DELIVERED
965,b3dc9dcd-7883-4fd9-b5bd-08a0496aeafe,d26b7a65-19a4-4143-a8b2-3ce289b06405,Congratulations on your achievement!,TEXT,2025-02-13 02:08:10.817,PENDING
966,d26b7a65-19a4-4143-a8b2-3ce289b06405,e12d414f-869e-4944-b7fc-92bad20398a3,See you later.,TEXT,2025-03-07 02:00:10.817,READ
967,bb461247-b0a6-4dcd-b18d-16cddb605a3e,d26b7a65-19a4-4143-a8b2-3ce289b06405,Where are you?,TEXT,2025-02-13 01:44:10.817,DELETED
968,d26b7a65-19a4-4143-a8b2-3ce289b06405,bb461247-b0a6-4dcd-b18d-16cddb605a3e,See you later.,TEXT,2025-02-24 03:47:10.817,DELETED
969,bb461247-b0a6-4dcd-b18d-16cddb605a3e,b3dc9dcd-7883-4fd9-b5bd-08a0496aeafe,"Hey, how are you?",TEXT,2025-02-11 22:59:10.817,DELIVERED
970,ba1a10af-b0b8-4cb3-8e45-301986fc6d4b,8742cdd5-1610-4472-b3dc-de4d54223d77,Where are you?,TEXT,2025-02-10 23:23:10.817,READ
971,d26b7a65-19a4-4143-a8b2-3ce289b06405,8742cdd5-1610-4472-b3dc-de4d54223d77,Good morning!,TEXT,2025-02-19 21:19:10.817,READ
972,ba1a10af-b0b8-4cb3-8e45-301986fc6d4b,8742cdd5-1610-4472-b3dc-de4d54223d77,Good night!,TEXT,2025-03-05 14:07:10.817,READ
973,d26b7a65-19a4-4143-a8b2-3ce289b06405,bb461247-b0a6-4dcd-b18d-16cddb605a3e,Good night!,TEXT,2025-02-27 05:19:10.817,READ
974,bb461247-b0a6-4dcd-b18d-16cddb605a3e,ba1a10af-b0b8-4cb3-8e45-301986fc6d4b,See you later.,TEXT,2025-02-18 18:43:10.817,READ
975,e12d414f-869e-4944-b7fc-92bad20398a3,b3dc9dcd-7883-4fd9-b5bd-08a0496aeafe,See you later.,TEXT,2025-03-01 01:21:10.817,PENDING
976,ff1f145b-9dd1-447c-91af-7502c17775e3,ba1a10af-b0b8-4cb3-8e45-301986fc6d4b,Where are you?,TEXT,2025-02-22 17:07:10.817,DELETED
977,bb461247-b0a6-4dcd-b18d-16cddb605a3e,ba1a10af-b0b8-4cb3-8e45-301986fc6d4b,Good morning!,TEXT,2025-02-18 14:29:10.817,READ
978,ff1f145b-9dd1-447c-91af-7502c17775e3,b3dc9dcd-7883-4fd9-b5bd-08a0496aeafe,Good morning!,TEXT,2025-02-17 01:33:10.817,DELIVERED
979,ff1f145b-9dd1-447c-91af-7502c17775e3,b3dc9dcd-7883-4fd9-b5bd-08a0496aeafe,Call me when you're free.,TEXT,2025-02-13 06:58:10.817,DELETED
980,bb461247-b0a6-4dcd-b18d-16cddb605a3e,d26b7a65-19a4-4143-a8b2-3ce289b06405,"Hey, how are you?",TEXT,2025-03-10 16:16:10.817,READ
981,d26b7a65-19a4-4143-a8b2-3ce289b06405,8742cdd5-1610-4472-b3dc-de4d54223d77,Call me when you're free.,TEXT,2025-02-23 02:27:10.817,DELIVERED
982,e12d414f-869e-4944-b7fc-92bad20398a3,bb461247-b0a6-4dcd-b18d-16cddb605a3e,Let's go for lunch.,TEXT,2025-03-01 16:30:10.817,PENDING
983,bb461247-b0a6-4dcd-b18d-16cddb605a3e,8742cdd5-1610-4472-b3dc-de4d54223d77,"Hey, how are you?",TEXT,2025-02-20 03:13:10.817,DELIVERED
984,bb461247-b0a6-4dcd-b18d-16cddb605a3e,ff1f145b-9dd1-447c-91af-7502c17775e3,Good night!,TEXT,2025-02-27 08:20:10.817,PENDING
985,b3dc9dcd-7883-4fd9-b5bd-08a0496aeafe,8742cdd5-1610-4472-b3dc-de4d54223d77,Let's go for lunch.,TEXT,2025-03-06 07:52:10.817,DELETED
986,ba1a10af-b0b8-4cb3-8e45-301986fc6d4b,e12d414f-869e-4944-b7fc-92bad20398a3,Happy Birthday!,TEXT,2025-02-17 12:57:10.817,DELETED
987,ba1a10af-b0b8-4cb3-8e45-301986fc6d4b,e12d414f-869e-4944-b7fc-92bad20398a3,I'll be there in 10 mins.,TEXT,2025-02-21 07:19:10.817,PENDING
988,ff1f145b-9dd1-447c-91af-7502c17775e3,b3dc9dcd-7883-4fd9-b5bd-08a0496aeafe,"Hey, how are you?",TEXT,2025-03-06 12:52:10.817,DELETED
989,b3dc9dcd-7883-4fd9-b5bd-08a0496aeafe,ba1a10af-b0b8-4cb3-8e45-301986fc6d4b,Have a great day!,TEXT,2025-03-08 03:51:10.817,READ
990,ba1a10af-b0b8-4cb3-8e45-301986fc6d4b,e12d414f-869e-4944-b7fc-92bad20398a3,Happy Birthday!,TEXT,2025-03-01 01:21:10.817,DELETED
991,b3dc9dcd-7883-4fd9-b5bd-08a0496aeafe,ff1f145b-9dd1-447c-91af-7502c17775e3,Congratulations on your achievement!,TEXT,2025-02-21 12:05:10.817,DELETED
992,ba1a10af-b0b8-4cb3-8e45-301986fc6d4b,bb461247-b0a6-4dcd-b18d-16cddb605a3e,Let's meet tomorrow.,TEXT,2025-02-28 06:16:10.817,READ
993,ba1a10af-b0b8-4cb3-8e45-301986fc6d4b,d26b7a65-19a4-4143-a8b2-3ce289b06405,Where are you?,TEXT,2025-02-26 22:01:10.817,DELETED
994,ba1a10af-b0b8-4cb3-8e45-301986fc6d4b,8742cdd5-1610-4472-b3dc-de4d54223d77,I'll be there in 10 mins.,TEXT,2025-03-02 15:19:10.817,DELETED
995,bb461247-b0a6-4dcd-b18d-16cddb605a3e,b3dc9dcd-7883-4fd9-b5bd-08a0496aeafe,Did you complete the task?,TEXT,2025-02-14 09:56:10.817,DELIVERED
996,8742cdd5-1610-4472-b3dc-de4d54223d77,ba1a10af-b0b8-4cb3-8e45-301986fc6d4b,Where are you?,TEXT,2025-02-21 06:54:10.817,DELETED
997,bb461247-b0a6-4dcd-b18d-16cddb605a3e,b3dc9dcd-7883-4fd9-b5bd-08a0496aeafe,Did you complete the task?,TEXT,2025-02-16 20:15:10.817,READ
998,bb461247-b0a6-4dcd-b18d-16cddb605a3e,ff1f145b-9dd1-447c-91af-7502c17775e3,Call me when you're free.,TEXT,2025-03-06 02:28:10.817,DELETED
999,b3dc9dcd-7883-4fd9-b5bd-08a0496aeafe,e12d414f-869e-4944-b7fc-92bad20398a3,Take care!,TEXT,2025-02-18 03:34:10.817,PENDING
1000,ff1f145b-9dd1-447c-91af-7502c17775e3,d26b7a65-19a4-4143-a8b2-3ce289b06405,Where are you?,TEXT,2025-02-20 20:38:10.817,DELIVERED
1001,d26b7a65-19a4-4143-a8b2-3ce289b06405,ff1f145b-9dd1-447c-91af-7502c17775e3,"Hey, how are you?",TEXT,2025-02-21 01:21:10.817,DELETED
1002,bb461247-b0a6-4dcd-b18d-16cddb605a3e,b3dc9dcd-7883-4fd9-b5bd-08a0496aeafe,Have a great day!,TEXT,2025-02-25 23:25:10.817,PENDING
1003,ba1a10af-b0b8-4cb3-8e45-301986fc6d4b,e12d414f-869e-4944-b7fc-92bad20398a3,Congratulations on your achievement!,TEXT,2025-02-13 02:48:10.817,READ
1004,b3dc9dcd-7883-4fd9-b5bd-08a0496aeafe,8742cdd5-1610-4472-b3dc-de4d54223d77,Take care!,TEXT,2025-03-03 09:51:10.817,DELIVERED
1005,bb461247-b0a6-4dcd-b18d-16cddb605a3e,b3dc9dcd-7883-4fd9-b5bd-08a0496aeafe,"Hey, how are you?",TEXT,2025-02-18 22:31:10.817,DELIVERED
1006,e12d414f-869e-4944-b7fc-92bad20398a3,8742cdd5-1610-4472-b3dc-de4d54223d77,See you later.,TEXT,2025-02-25 15:03:10.817,READ
1007,ba1a10af-b0b8-4cb3-8e45-301986fc6d4b,bb461247-b0a6-4dcd-b18d-16cddb605a3e,Take care!,TEXT,2025-02-28 03:05:10.817,PENDING
1008,d26b7a65-19a4-4143-a8b2-3ce289b06405,ba1a10af-b0b8-4cb3-8e45-301986fc6d4b,See you later.,TEXT,2025-02-28 07:02:10.817,DELIVERED
1009,bb461247-b0a6-4dcd-b18d-16cddb605a3e,b3dc9dcd-7883-4fd9-b5bd-08a0496aeafe,"Hey, how are you?",TEXT,2025-02-17 01:56:10.817,PENDING
1010,d26b7a65-19a4-4143-a8b2-3ce289b06405,b3dc9dcd-7883-4fd9-b5bd-08a0496aeafe,What's up?,TEXT,2025-02-13 14:55:10.817,PENDING
1011,d26b7a65-19a4-4143-a8b2-3ce289b06405,bb461247-b0a6-4dcd-b18d-16cddb605a3e,"Hey, how are you?",TEXT,2025-03-07 08:20:10.817,READ
1012,ba1a10af-b0b8-4cb3-8e45-301986fc6d4b,b3dc9dcd-7883-4fd9-b5bd-08a0496aeafe,Take care!,TEXT,2025-03-11 02:53:10.817,DELETED
1013,8742cdd5-1610-4472-b3dc-de4d54223d77,b3dc9dcd-7883-4fd9-b5bd-08a0496aeafe,Congratulations on your achievement!,TEXT,2025-03-04 13:08:10.817,PENDING
1014,ff1f145b-9dd1-447c-91af-7502c17775e3,bb461247-b0a6-4dcd-b18d-16cddb605a3e,"Hey, how are you?",TEXT,2025-03-11 08:29:10.817,READ
1015,ff1f145b-9dd1-447c-91af-7502c17775e3,ba1a10af-b0b8-4cb3-8e45-301986fc6d4b,Good night!,TEXT,2025-02-15 04:05:10.817,DELETED
1016,b3dc9dcd-7883-4fd9-b5bd-08a0496aeafe,ba1a10af-b0b8-4cb3-8e45-301986fc6d4b,Good morning!,TEXT,2025-03-04 06:44:10.817,DELETED
1017,bb461247-b0a6-4dcd-b18d-16cddb605a3e,e12d414f-869e-4944-b7fc-92bad20398a3,"Hey, how are you?",TEXT,2025-02-16 21:42:10.817,PENDING
1018,b3dc9dcd-7883-4fd9-b5bd-08a0496aeafe,d26b7a65-19a4-4143-a8b2-3ce289b06405,What's up?,TEXT,2025-02-25 08:23:10.817,DELIVERED
1019,b3dc9dcd-7883-4fd9-b5bd-08a0496aeafe,8742cdd5-1610-4472-b3dc-de4d54223d77,Good morning!,TEXT,2025-03-03 17:53:10.817,PENDING
1020,e12d414f-869e-4944-b7fc-92bad20398a3,bb461247-b0a6-4dcd-b18d-16cddb605a3e,Have a great day!,TEXT,2025-03-11 20:48:10.817,DELIVERED
1021,ba1a10af-b0b8-4cb3-8e45-301986fc6d4b,d26b7a65-19a4-4143-a8b2-3ce289b06405,Let's go for lunch.,TEXT,2025-03-05 02:15:10.817,PENDING
1022,b3dc9dcd-7883-4fd9-b5bd-08a0496aeafe,8742cdd5-1610-4472-b3dc-de4d54223d77,I'll be there in 10 mins.,TEXT,2025-03-04 23:46:10.817,READ
1023,bb461247-b0a6-4dcd-b18d-16cddb605a3e,d26b7a65-19a4-4143-a8b2-3ce289b06405,Good morning!,TEXT,2025-03-03 17:06:10.817,DELIVERED
1024,d26b7a65-19a4-4143-a8b2-3ce289b06405,e12d414f-869e-4944-b7fc-92bad20398a3,Good morning!,TEXT,2025-03-04 03:24:10.817,DELIVERED
1025,e12d414f-869e-4944-b7fc-92bad20398a3,d26b7a65-19a4-4143-a8b2-3ce289b06405,What's up?,TEXT,2025-03-02 01:25:10.817,READ
1026,ff1f145b-9dd1-447c-91af-7502c17775e3,b3dc9dcd-7883-4fd9-b5bd-08a0496aeafe,What's up?,TEXT,2025-02-24 05:08:10.817,DELETED
1027,b3dc9dcd-7883-4fd9-b5bd-08a0496aeafe,d26b7a65-19a4-4143-a8b2-3ce289b06405,Congratulations on your achievement!,TEXT,2025-03-08 12:45:10.817,DELETED
1028,d26b7a65-19a4-4143-a8b2-3ce289b06405,e12d414f-869e-4944-b7fc-92bad20398a3,Call me when you're free.,TEXT,2025-03-08 05:51:10.817,PENDING
1029,8742cdd5-1610-4472-b3dc-de4d54223d77,e12d414f-869e-4944-b7fc-92bad20398a3,Call me when you're free.,TEXT,2025-02-22 19:05:10.817,DELETED
1030,d26b7a65-19a4-4143-a8b2-3ce289b06405,8742cdd5-1610-4472-b3dc-de4d54223d77,Call me when you're free.,TEXT,2025-02-23 17:42:10.817,READ
1031,d26b7a65-19a4-4143-a8b2-3ce289b06405,bb461247-b0a6-4dcd-b18d-16cddb605a3e,See you later.,TEXT,2025-03-05 02:59:10.817,DELETED
1032,bb461247-b0a6-4dcd-b18d-16cddb605a3e,ff1f145b-9dd1-447c-91af-7502c17775e3,Congratulations on your achievement!,TEXT,2025-03-04 15:22:10.817,PENDING
1033,d26b7a65-19a4-4143-a8b2-3ce289b06405,8742cdd5-1610-4472-b3dc-de4d54223d77,Call me when you're free.,TEXT,2025-02-10 16:50:10.817,DELIVERED
1034,ba1a10af-b0b8-4cb3-8e45-301986fc6d4b,bb461247-b0a6-4dcd-b18d-16cddb605a3e,Happy Birthday!,TEXT,2025-02-27 18:17:10.817,DELIVERED
1035,b3dc9dcd-7883-4fd9-b5bd-08a0496aeafe,e12d414f-869e-4944-b7fc-92bad20398a3,Where are you?,TEXT,2025-02-13 01:31:10.817,PENDING
1036,bb461247-b0a6-4dcd-b18d-16cddb605a3e,b3dc9dcd-7883-4fd9-b5bd-08a0496aeafe,"Hey, how are you?",TEXT,2025-02-17 21:12:10.817,READ
1037,ba1a10af-b0b8-4cb3-8e45-301986fc6d4b,ff1f145b-9dd1-447c-91af-7502c17775e3,What's up?,TEXT,2025-02-19 18:18:10.817,DELETED
1038,e12d414f-869e-4944-b7fc-92bad20398a3,ba1a10af-b0b8-4cb3-8e45-301986fc6d4b,Happy Birthday!,TEXT,2025-02-22 00:46:10.817,DELIVERED
1039,8742cdd5-1610-4472-b3dc-de4d54223d77,ff1f145b-9dd1-447c-91af-7502c17775e3,What's up?,TEXT,2025-02-14 02:39:10.817,READ
1040,bb461247-b0a6-4dcd-b18d-16cddb605a3e,b3dc9dcd-7883-4fd9-b5bd-08a0496aeafe,Where are you?,TEXT,2025-03-07 07:04:10.817,DELETED
1041,bb461247-b0a6-4dcd-b18d-16cddb605a3e,d26b7a65-19a4-4143-a8b2-3ce289b06405,Good morning!,TEXT,2025-02-13 05:52:10.817,READ
1042,8742cdd5-1610-4472-b3dc-de4d54223d77,b3dc9dcd-7883-4fd9-b5bd-08a0496aeafe,Call me when you're free.,TEXT,2025-03-06 18:01:10.817,READ
1043,8742cdd5-1610-4472-b3dc-de4d54223d77,ff1f145b-9dd1-447c-91af-7502c17775e3,Good night!,TEXT,2025-03-01 16:07:10.817,READ
1044,d26b7a65-19a4-4143-a8b2-3ce289b06405,bb461247-b0a6-4dcd-b18d-16cddb605a3e,Did you complete the task?,TEXT,2025-03-05 04:11:10.817,DELETED
1045,bb461247-b0a6-4dcd-b18d-16cddb605a3e,d26b7a65-19a4-4143-a8b2-3ce289b06405,Take care!,TEXT,2025-03-03 01:04:10.817,READ
1046,8742cdd5-1610-4472-b3dc-de4d54223d77,b3dc9dcd-7883-4fd9-b5bd-08a0496aeafe,Did you complete the task?,TEXT,2025-03-07 03:50:10.817,PENDING
1047,ff1f145b-9dd1-447c-91af-7502c17775e3,ba1a10af-b0b8-4cb3-8e45-301986fc6d4b,Congratulations on your achievement!,TEXT,2025-02-24 16:53:10.817,DELIVERED
1048,ba1a10af-b0b8-4cb3-8e45-301986fc6d4b,b3dc9dcd-7883-4fd9-b5bd-08a0496aeafe,See you later.,TEXT,2025-03-06 22:33:10.817,DELIVERED
1049,b3dc9dcd-7883-4fd9-b5bd-08a0496aeafe,bb461247-b0a6-4dcd-b18d-16cddb605a3e,Congratulations on your achievement!,TEXT,2025-02-13 04:05:10.817,PENDING
1050,b3dc9dcd-7883-4fd9-b5bd-08a0496aeafe,ff1f145b-9dd1-447c-91af-7502c17775e3,Happy Birthday!,TEXT,2025-02-17 18:18:10.817,DELETED
1051,ff1f145b-9dd1-447c-91af-7502c17775e3,e12d414f-869e-4944-b7fc-92bad20398a3,Good night!,TEXT,2025-02-17 09:41:10.817,DELIVERED
1052,d26b7a65-19a4-4143-a8b2-3ce289b06405,8742cdd5-1610-4472-b3dc-de4d54223d77,Did you complete the task?,TEXT,2025-02-24 19:15:10.817,DELETED
1053,ff1f145b-9dd1-447c-91af-7502c17775e3,ba1a10af-b0b8-4cb3-8e45-301986fc6d4b,Have a great day!,TEXT,2025-02-12 19:05:10.817,READ
1054,ba1a10af-b0b8-4cb3-8e45-301986fc6d4b,8742cdd5-1610-4472-b3dc-de4d54223d77,Good morning!,TEXT,2025-02-25 13:36:10.817,DELIVERED
1055,8742cdd5-1610-4472-b3dc-de4d54223d77,ba1a10af-b0b8-4cb3-8e45-301986fc6d4b,Good night!,TEXT,2025-02-11 09:53:10.817,PENDING
1056,ba1a10af-b0b8-4cb3-8e45-301986fc6d4b,e12d414f-869e-4944-b7fc-92bad20398a3,"Hey, how are you?",TEXT,2025-02-18 02:31:10.817,READ
1057,e12d414f-869e-4944-b7fc-92bad20398a3,8742cdd5-1610-4472-b3dc-de4d54223d77,Call me when you're free.,TEXT,2025-03-01 16:19:10.817,DELIVERED
1058,b3dc9dcd-7883-4fd9-b5bd-08a0496aeafe,d26b7a65-19a4-4143-a8b2-3ce289b06405,Where are you?,TEXT,2025-03-11 17:37:10.817,DELETED
1059,ff1f145b-9dd1-447c-91af-7502c17775e3,b3dc9dcd-7883-4fd9-b5bd-08a0496aeafe,Call me when you're free.,TEXT,2025-03-09 00:37:10.817,DELETED
1060,b3dc9dcd-7883-4fd9-b5bd-08a0496aeafe,e12d414f-869e-4944-b7fc-92bad20398a3,Congratulations on your achievement!,TEXT,2025-03-05 20:41:10.817,DELETED
1061,e12d414f-869e-4944-b7fc-92bad20398a3,d26b7a65-19a4-4143-a8b2-3ce289b06405,Let's meet tomorrow.,TEXT,2025-03-08 18:10:10.817,DELETED
1062,ba1a10af-b0b8-4cb3-8e45-301986fc6d4b,8742cdd5-1610-4472-b3dc-de4d54223d77,Let's go for lunch.,TEXT,2025-02-24 17:17:10.817,DELETED
1063,8742cdd5-1610-4472-b3dc-de4d54223d77,b3dc9dcd-7883-4fd9-b5bd-08a0496aeafe,Where are you?,TEXT,2025-03-05 01:48:10.817,DELIVERED
1064,bb461247-b0a6-4dcd-b18d-16cddb605a3e,d26b7a65-19a4-4143-a8b2-3ce289b06405,Good morning!,TEXT,2025-02-16 06:42:10.817,READ
1065,bb461247-b0a6-4dcd-b18d-16cddb605a3e,b3dc9dcd-7883-4fd9-b5bd-08a0496aeafe,"Hey, how are you?",TEXT,2025-02-20 04:22:10.817,DELIVERED
1066,8742cdd5-1610-4472-b3dc-de4d54223d77,bb461247-b0a6-4dcd-b18d-16cddb605a3e,What's up?,TEXT,2025-03-09 19:20:10.817,DELETED
1067,ff1f145b-9dd1-447c-91af-7502c17775e3,d26b7a65-19a4-4143-a8b2-3ce289b06405,Good morning!,TEXT,2025-02-19 15:59:10.817,PENDING
1068,e12d414f-869e-4944-b7fc-92bad20398a3,bb461247-b0a6-4dcd-b18d-16cddb605a3e,Where are you?,TEXT,2025-03-11 07:22:10.817,PENDING
1069,e12d414f-869e-4944-b7fc-92bad20398a3,bb461247-b0a6-4dcd-b18d-16cddb605a3e,Where are you?,TEXT,2025-03-01 12:07:10.817,READ
1070,ba1a10af-b0b8-4cb3-8e45-301986fc6d4b,8742cdd5-1610-4472-b3dc-de4d54223d77,Good night!,TEXT,2025-03-07 14:24:10.817,READ
1071,d26b7a65-19a4-4143-a8b2-3ce289b06405,b3dc9dcd-7883-4fd9-b5bd-08a0496aeafe,What's up?,TEXT,2025-02-17 06:33:10.817,READ
1072,ff1f145b-9dd1-447c-91af-7502c17775e3,ba1a10af-b0b8-4cb3-8e45-301986fc6d4b,Good morning!,TEXT,2025-02-16 19:57:10.817,READ
1073,d26b7a65-19a4-4143-a8b2-3ce289b06405,8742cdd5-1610-4472-b3dc-de4d54223d77,Good night!,TEXT,2025-02-12 17:40:10.817,PENDING
1074,bb461247-b0a6-4dcd-b18d-16cddb605a3e,e12d414f-869e-4944-b7fc-92bad20398a3,Good night!,TEXT,2025-03-09 01:21:10.817,PENDING
1075,e12d414f-869e-4944-b7fc-92bad20398a3,d26b7a65-19a4-4143-a8b2-3ce289b06405,Congratulations on your achievement!,TEXT,2025-02-28 16:14:10.817,PENDING
1076,ba1a10af-b0b8-4cb3-8e45-301986fc6d4b,b3dc9dcd-7883-4fd9-b5bd-08a0496aeafe,Happy Birthday!,TEXT,2025-03-09 04:46:10.817,PENDING
1077,ba1a10af-b0b8-4cb3-8e45-301986fc6d4b,e12d414f-869e-4944-b7fc-92bad20398a3,Did you complete the task?,TEXT,2025-02-28 17:33:10.817,DELETED
1078,b3dc9dcd-7883-4fd9-b5bd-08a0496aeafe,ff1f145b-9dd1-447c-91af-7502c17775e3,Good morning!,TEXT,2025-02-22 09:51:10.817,DELETED
1079,b3dc9dcd-7883-4fd9-b5bd-08a0496aeafe,ba1a10af-b0b8-4cb3-8e45-301986fc6d4b,Have a great day!,TEXT,2025-02-12 06:56:10.817,DELIVERED
1080,8742cdd5-1610-4472-b3dc-de4d54223d77,ba1a10af-b0b8-4cb3-8e45-301986fc6d4b,See you later.,TEXT,2025-03-02 16:53:10.817,DELETED
1081,bb461247-b0a6-4dcd-b18d-16cddb605a3e,e12d414f-869e-4944-b7fc-92bad20398a3,Have a great day!,TEXT,2025-02-28 21:39:10.817,DELETED
1082,d26b7a65-19a4-4143-a8b2-3ce289b06405,ba1a10af-b0b8-4cb3-8e45-301986fc6d4b,See you later.,TEXT,2025-02-27 11:23:10.817,READ
1083,ff1f145b-9dd1-447c-91af-7502c17775e3,b3dc9dcd-7883-4fd9-b5bd-08a0496aeafe,Did you complete the task?,TEXT,2025-03-02 14:57:10.817,READ
1084,ff1f145b-9dd1-447c-91af-7502c17775e3,b3dc9dcd-7883-4fd9-b5bd-08a0496aeafe,Where are you?,TEXT,2025-02-23 15:15:10.817,READ
1085,ba1a10af-b0b8-4cb3-8e45-301986fc6d4b,bb461247-b0a6-4dcd-b18d-16cddb605a3e,I'll be there in 10 mins.,TEXT,2025-02-24 17:06:10.817,PENDING
1086,b3dc9dcd-7883-4fd9-b5bd-08a0496aeafe,ff1f145b-9dd1-447c-91af-7502c17775e3,Let's meet tomorrow.,TEXT,2025-02-14 20:34:10.817,PENDING
1087,bb461247-b0a6-4dcd-b18d-16cddb605a3e,e12d414f-869e-4944-b7fc-92bad20398a3,Did you complete the task?,TEXT,2025-02-18 05:45:10.817,PENDING
1088,ff1f145b-9dd1-447c-91af-7502c17775e3,d26b7a65-19a4-4143-a8b2-3ce289b06405,Let's go for lunch.,TEXT,2025-03-01 19:54:10.817,PENDING
1089,bb461247-b0a6-4dcd-b18d-16cddb605a3e,e12d414f-869e-4944-b7fc-92bad20398a3,Where are you?,TEXT,2025-02-20 10:11:10.817,PENDING
1090,b3dc9dcd-7883-4fd9-b5bd-08a0496aeafe,ff1f145b-9dd1-447c-91af-7502c17775e3,Let's meet tomorrow.,TEXT,2025-02-28 11:22:10.817,READ
1091,d26b7a65-19a4-4143-a8b2-3ce289b06405,ff1f145b-9dd1-447c-91af-7502c17775e3,Congratulations on your achievement!,TEXT,2025-02-17 21:46:10.817,DELIVERED
1092,e12d414f-869e-4944-b7fc-92bad20398a3,b3dc9dcd-7883-4fd9-b5bd-08a0496aeafe,I'll be there in 10 mins.,TEXT,2025-02-14 15:21:10.817,DELETED
1093,e12d414f-869e-4944-b7fc-92bad20398a3,ff1f145b-9dd1-447c-91af-7502c17775e3,Where are you?,TEXT,2025-02-28 21:38:10.817,PENDING
1094,8742cdd5-1610-4472-b3dc-de4d54223d77,d26b7a65-19a4-4143-a8b2-3ce289b06405,Call me when you're free.,TEXT,2025-03-04 08:10:10.817,DELIVERED
1095,ba1a10af-b0b8-4cb3-8e45-301986fc6d4b,e12d414f-869e-4944-b7fc-92bad20398a3,Let's go for lunch.,TEXT,2025-03-11 16:10:10.817,READ
1096,ff1f145b-9dd1-447c-91af-7502c17775e3,b3dc9dcd-7883-4fd9-b5bd-08a0496aeafe,"Hey, how are you?",TEXT,2025-02-22 09:21:10.817,DELETED
1097,d26b7a65-19a4-4143-a8b2-3ce289b06405,bb461247-b0a6-4dcd-b18d-16cddb605a3e,Did you complete the task?,TEXT,2025-02-21 20:04:10.817,PENDING
1098,d26b7a65-19a4-4143-a8b2-3ce289b06405,ff1f145b-9dd1-447c-91af-7502c17775e3,"Hey, how are you?",TEXT,2025-03-07 14:13:10.817,DELETED
1099,bb461247-b0a6-4dcd-b18d-16cddb605a3e,ff1f145b-9dd1-447c-91af-7502c17775e3,Let's meet tomorrow.,TEXT,2025-02-19 07:01:10.817,PENDING
1100,d26b7a65-19a4-4143-a8b2-3ce289b06405,8742cdd5-1610-4472-b3dc-de4d54223d77,See you later.,TEXT,2025-03-05 12:28:10.817,PENDING
1101,e12d414f-869e-4944-b7fc-92bad20398a3,bb461247-b0a6-4dcd-b18d-16cddb605a3e,See you later.,TEXT,2025-03-07 18:12:10.817,DELETED
1102,ba1a10af-b0b8-4cb3-8e45-301986fc6d4b,ff1f145b-9dd1-447c-91af-7502c17775e3,Call me when you're free.,TEXT,2025-03-05 19:04:10.817,PENDING
1103,b3dc9dcd-7883-4fd9-b5bd-08a0496aeafe,bb461247-b0a6-4dcd-b18d-16cddb605a3e,Have a great day!,TEXT,2025-02-20 22:02:10.817,PENDING
1104,e12d414f-869e-4944-b7fc-92bad20398a3,bb461247-b0a6-4dcd-b18d-16cddb605a3e,Good morning!,TEXT,2025-02-13 16:18:10.817,PENDING
1105,ff1f145b-9dd1-447c-91af-7502c17775e3,e12d414f-869e-4944-b7fc-92bad20398a3,Did you complete the task?,TEXT,2025-03-12 10:39:10.817,DELIVERED
1106,e12d414f-869e-4944-b7fc-92bad20398a3,ba1a10af-b0b8-4cb3-8e45-301986fc6d4b,What's up?,TEXT,2025-02-21 14:38:10.817,DELIVERED
1107,ff1f145b-9dd1-447c-91af-7502c17775e3,d26b7a65-19a4-4143-a8b2-3ce289b06405,Did you complete the task?,TEXT,2025-03-01 17:40:10.817,PENDING
1108,8742cdd5-1610-4472-b3dc-de4d54223d77,ff1f145b-9dd1-447c-91af-7502c17775e3,Take care!,TEXT,2025-02-26 05:32:10.817,PENDING
1109,ff1f145b-9dd1-447c-91af-7502c17775e3,b3dc9dcd-7883-4fd9-b5bd-08a0496aeafe,Congratulations on your achievement!,TEXT,2025-03-01 01:20:10.817,PENDING
1110,ff1f145b-9dd1-447c-91af-7502c17775e3,e12d414f-869e-4944-b7fc-92bad20398a3,Call me when you're free.,TEXT,2025-02-18 07:56:10.817,READ
1111,d26b7a65-19a4-4143-a8b2-3ce289b06405,ff1f145b-9dd1-447c-91af-7502c17775e3,Take care!,TEXT,2025-02-25 22:16:10.817,READ
1112,8742cdd5-1610-4472-b3dc-de4d54223d77,b3dc9dcd-7883-4fd9-b5bd-08a0496aeafe,"Hey, how are you?",TEXT,2025-03-01 19:32:10.817,DELETED
1113,d26b7a65-19a4-4143-a8b2-3ce289b06405,8742cdd5-1610-4472-b3dc-de4d54223d77,Good night!,TEXT,2025-02-16 22:48:10.817,DELETED
1114,bb461247-b0a6-4dcd-b18d-16cddb605a3e,ff1f145b-9dd1-447c-91af-7502c17775e3,"Hey, how are you?",TEXT,2025-02-15 05:20:10.817,DELETED
1115,bb461247-b0a6-4dcd-b18d-16cddb605a3e,ba1a10af-b0b8-4cb3-8e45-301986fc6d4b,Congratulations on your achievement!,TEXT,2025-03-09 00:42:10.817,READ
1116,b3dc9dcd-7883-4fd9-b5bd-08a0496aeafe,bb461247-b0a6-4dcd-b18d-16cddb605a3e,Call me when you're free.,TEXT,2025-02-14 04:53:10.817,PENDING
1117,b3dc9dcd-7883-4fd9-b5bd-08a0496aeafe,d26b7a65-19a4-4143-a8b2-3ce289b06405,Happy Birthday!,TEXT,2025-02-18 21:02:10.817,PENDING
1118,bb461247-b0a6-4dcd-b18d-16cddb605a3e,8742cdd5-1610-4472-b3dc-de4d54223d77,Good morning!,TEXT,2025-03-06 10:09:10.817,DELIVERED
1119,d26b7a65-19a4-4143-a8b2-3ce289b06405,8742cdd5-1610-4472-b3dc-de4d54223d77,Did you complete the task?,TEXT,2025-02-19 03:31:10.817,DELETED
1120,e12d414f-869e-4944-b7fc-92bad20398a3,d26b7a65-19a4-4143-a8b2-3ce289b06405,Congratulations on your achievement!,TEXT,2025-02-25 09:42:10.817,DELIVERED
1121,e12d414f-869e-4944-b7fc-92bad20398a3,d26b7a65-19a4-4143-a8b2-3ce289b06405,Take care!,TEXT,2025-03-06 06:19:10.817,DELETED
1122,ff1f145b-9dd1-447c-91af-7502c17775e3,ba1a10af-b0b8-4cb3-8e45-301986fc6d4b,Good morning!,TEXT,2025-02-12 20:22:10.817,PENDING
1123,ba1a10af-b0b8-4cb3-8e45-301986fc6d4b,b3dc9dcd-7883-4fd9-b5bd-08a0496aeafe,Did you complete the task?,TEXT,2025-02-28 14:24:10.817,DELIVERED
1124,ba1a10af-b0b8-4cb3-8e45-301986fc6d4b,8742cdd5-1610-4472-b3dc-de4d54223d77,Let's go for lunch.,TEXT,2025-02-12 22:24:10.817,PENDING
1125,8742cdd5-1610-4472-b3dc-de4d54223d77,b3dc9dcd-7883-4fd9-b5bd-08a0496aeafe,Good morning!,TEXT,2025-03-02 14:18:10.817,READ
1126,ff1f145b-9dd1-447c-91af-7502c17775e3,8742cdd5-1610-4472-b3dc-de4d54223d77,See you later.,TEXT,2025-03-09 14:32:10.817,DELETED
1127,8742cdd5-1610-4472-b3dc-de4d54223d77,ba1a10af-b0b8-4cb3-8e45-301986fc6d4b,Have a great day!,TEXT,2025-02-25 15:02:10.817,PENDING
1128,b3dc9dcd-7883-4fd9-b5bd-08a0496aeafe,e12d414f-869e-4944-b7fc-92bad20398a3,Call me when you're free.,TEXT,2025-02-17 10:52:10.817,DELETED
1129,d26b7a65-19a4-4143-a8b2-3ce289b06405,bb461247-b0a6-4dcd-b18d-16cddb605a3e,I'll be there in 10 mins.,TEXT,2025-03-03 13:35:10.817,READ
1130,e12d414f-869e-4944-b7fc-92bad20398a3,8742cdd5-1610-4472-b3dc-de4d54223d77,Good night!,TEXT,2025-03-04 04:48:10.817,PENDING
1131,ff1f145b-9dd1-447c-91af-7502c17775e3,b3dc9dcd-7883-4fd9-b5bd-08a0496aeafe,Did you complete the task?,TEXT,2025-02-22 19:35:10.817,DELETED
1132,e12d414f-869e-4944-b7fc-92bad20398a3,d26b7a65-19a4-4143-a8b2-3ce289b06405,Happy Birthday!,TEXT,2025-02-12 21:01:10.817,PENDING
1133,bb461247-b0a6-4dcd-b18d-16cddb605a3e,ba1a10af-b0b8-4cb3-8e45-301986fc6d4b,I'll be there in 10 mins.,TEXT,2025-02-15 05:35:10.817,DELIVERED
1134,ba1a10af-b0b8-4cb3-8e45-301986fc6d4b,b3dc9dcd-7883-4fd9-b5bd-08a0496aeafe,I'll be there in 10 mins.,TEXT,2025-03-01 19:10:10.817,DELETED
1135,bb461247-b0a6-4dcd-b18d-16cddb605a3e,b3dc9dcd-7883-4fd9-b5bd-08a0496aeafe,See you later.,TEXT,2025-03-07 19:38:10.817,DELIVERED
1136,ff1f145b-9dd1-447c-91af-7502c17775e3,ba1a10af-b0b8-4cb3-8e45-301986fc6d4b,Let's meet tomorrow.,TEXT,2025-03-12 02:44:10.817,PENDING
1137,bb461247-b0a6-4dcd-b18d-16cddb605a3e,8742cdd5-1610-4472-b3dc-de4d54223d77,Call me when you're free.,TEXT,2025-03-08 02:00:10.817,READ
1138,bb461247-b0a6-4dcd-b18d-16cddb605a3e,8742cdd5-1610-4472-b3dc-de4d54223d77,What's up?,TEXT,2025-02-27 19:59:10.817,DELETED
1139,ba1a10af-b0b8-4cb3-8e45-301986fc6d4b,e12d414f-869e-4944-b7fc-92bad20398a3,Take care!,TEXT,2025-02-11 14:19:10.817,READ
1140,bb461247-b0a6-4dcd-b18d-16cddb605a3e,e12d414f-869e-4944-b7fc-92bad20398a3,Happy Birthday!,TEXT,2025-03-05 14:51:10.817,PENDING
1141,bb461247-b0a6-4dcd-b18d-16cddb605a3e,b3dc9dcd-7883-4fd9-b5bd-08a0496aeafe,Have a great day!,TEXT,2025-02-11 20:06:10.817,READ
1142,e12d414f-869e-4944-b7fc-92bad20398a3,d26b7a65-19a4-4143-a8b2-3ce289b06405,Have a great day!,TEXT,2025-02-18 07:06:10.817,READ
1143,bb461247-b0a6-4dcd-b18d-16cddb605a3e,e12d414f-869e-4944-b7fc-92bad20398a3,Congratulations on your achievement!,TEXT,2025-03-03 23:58:10.817,DELIVERED
1144,ff1f145b-9dd1-447c-91af-7502c17775e3,d26b7a65-19a4-4143-a8b2-3ce289b06405,Congratulations on your achievement!,TEXT,2025-02-20 02:55:10.817,DELIVERED
1145,e12d414f-869e-4944-b7fc-92bad20398a3,ba1a10af-b0b8-4cb3-8e45-301986fc6d4b,"Hey, how are you?",TEXT,2025-02-27 18:33:10.817,PENDING
1146,d26b7a65-19a4-4143-a8b2-3ce289b06405,bb461247-b0a6-4dcd-b18d-16cddb605a3e,Have a great day!,TEXT,2025-03-02 09:50:10.817,DELIVERED
1147,ff1f145b-9dd1-447c-91af-7502c17775e3,8742cdd5-1610-4472-b3dc-de4d54223d77,"Hey, how are you?",TEXT,2025-03-10 21:20:10.817,READ
1148,8742cdd5-1610-4472-b3dc-de4d54223d77,ff1f145b-9dd1-447c-91af-7502c17775e3,Let's meet tomorrow.,TEXT,2025-03-01 01:56:10.817,DELIVERED
1149,b3dc9dcd-7883-4fd9-b5bd-08a0496aeafe,d26b7a65-19a4-4143-a8b2-3ce289b06405,Where are you?,TEXT,2025-03-01 15:31:10.817,DELIVERED
1150,d26b7a65-19a4-4143-a8b2-3ce289b06405,ba1a10af-b0b8-4cb3-8e45-301986fc6d4b,"Hey, how are you?",TEXT,2025-03-08 06:25:10.817,DELETED
1151,8742cdd5-1610-4472-b3dc-de4d54223d77,ff1f145b-9dd1-447c-91af-7502c17775e3,Did you complete the task?,TEXT,2025-03-12 06:26:10.817,DELETED
1152,ba1a10af-b0b8-4cb3-8e45-301986fc6d4b,ff1f145b-9dd1-447c-91af-7502c17775e3,What's up?,TEXT,2025-03-03 07:39:10.817,READ
1153,e12d414f-869e-4944-b7fc-92bad20398a3,b3dc9dcd-7883-4fd9-b5bd-08a0496aeafe,Congratulations on your achievement!,TEXT,2025-03-11 11:26:10.817,DELETED
1154,b3dc9dcd-7883-4fd9-b5bd-08a0496aeafe,e12d414f-869e-4944-b7fc-92bad20398a3,Happy Birthday!,TEXT,2025-03-11 20:29:10.817,DELETED
1155,ba1a10af-b0b8-4cb3-8e45-301986fc6d4b,8742cdd5-1610-4472-b3dc-de4d54223d77,Did you complete the task?,TEXT,2025-02-28 20:44:10.817,READ
1156,ba1a10af-b0b8-4cb3-8e45-301986fc6d4b,d26b7a65-19a4-4143-a8b2-3ce289b06405,Good morning!,TEXT,2025-02-25 17:17:10.817,DELETED
1157,bb461247-b0a6-4dcd-b18d-16cddb605a3e,8742cdd5-1610-4472-b3dc-de4d54223d77,Let's go for lunch.,TEXT,2025-03-08 20:54:10.817,DELIVERED
1158,e12d414f-869e-4944-b7fc-92bad20398a3,b3dc9dcd-7883-4fd9-b5bd-08a0496aeafe,Good morning!,TEXT,2025-03-08 07:19:10.817,DELETED
1159,bb461247-b0a6-4dcd-b18d-16cddb605a3e,8742cdd5-1610-4472-b3dc-de4d54223d77,See you later.,TEXT,2025-03-05 00:16:10.817,READ
1160,b3dc9dcd-7883-4fd9-b5bd-08a0496aeafe,ff1f145b-9dd1-447c-91af-7502c17775e3,Call me when you're free.,TEXT,2025-02-11 01:37:10.817,DELETED
1161,ff1f145b-9dd1-447c-91af-7502c17775e3,d26b7a65-19a4-4143-a8b2-3ce289b06405,Good night!,TEXT,2025-02-16 19:55:10.817,DELETED
1162,ba1a10af-b0b8-4cb3-8e45-301986fc6d4b,8742cdd5-1610-4472-b3dc-de4d54223d77,Happy Birthday!,TEXT,2025-03-12 13:41:10.817,DELIVERED
1163,b3dc9dcd-7883-4fd9-b5bd-08a0496aeafe,e12d414f-869e-4944-b7fc-92bad20398a3,See you later.,TEXT,2025-02-20 06:37:10.817,DELIVERED
1164,ff1f145b-9dd1-447c-91af-7502c17775e3,d26b7a65-19a4-4143-a8b2-3ce289b06405,See you later.,TEXT,2025-02-20 16:44:10.817,DELIVERED
1165,ba1a10af-b0b8-4cb3-8e45-301986fc6d4b,d26b7a65-19a4-4143-a8b2-3ce289b06405,Have a great day!,TEXT,2025-02-12 19:16:10.817,READ
1166,ba1a10af-b0b8-4cb3-8e45-301986fc6d4b,8742cdd5-1610-4472-b3dc-de4d54223d77,Call me when you're free.,TEXT,2025-03-07 17:03:10.817,READ
1167,e12d414f-869e-4944-b7fc-92bad20398a3,ff1f145b-9dd1-447c-91af-7502c17775e3,See you later.,TEXT,2025-02-17 13:21:10.817,READ
1168,b3dc9dcd-7883-4fd9-b5bd-08a0496aeafe,8742cdd5-1610-4472-b3dc-de4d54223d77,Happy Birthday!,TEXT,2025-03-09 16:39:10.817,PENDING
1169,8742cdd5-1610-4472-b3dc-de4d54223d77,b3dc9dcd-7883-4fd9-b5bd-08a0496aeafe,Happy Birthday!,TEXT,2025-02-25 17:38:10.817,DELETED
1170,8742cdd5-1610-4472-b3dc-de4d54223d77,e12d414f-869e-4944-b7fc-92bad20398a3,Let's go for lunch.,TEXT,2025-02-10 16:31:10.817,PENDING
1171,ba1a10af-b0b8-4cb3-8e45-301986fc6d4b,d26b7a65-19a4-4143-a8b2-3ce289b06405,Call me when you're free.,TEXT,2025-03-12 12:55:10.817,READ
1172,b3dc9dcd-7883-4fd9-b5bd-08a0496aeafe,d26b7a65-19a4-4143-a8b2-3ce289b06405,Where are you?,TEXT,2025-03-03 13:06:10.817,DELETED
1173,bb461247-b0a6-4dcd-b18d-16cddb605a3e,b3dc9dcd-7883-4fd9-b5bd-08a0496aeafe,Where are you?,TEXT,2025-02-14 12:09:10.817,PENDING
1174,e12d414f-869e-4944-b7fc-92bad20398a3,8742cdd5-1610-4472-b3dc-de4d54223d77,Take care!,TEXT,2025-03-01 07:24:10.817,DELIVERED
1175,d26b7a65-19a4-4143-a8b2-3ce289b06405,8742cdd5-1610-4472-b3dc-de4d54223d77,I'll be there in 10 mins.,TEXT,2025-02-27 09:28:10.817,DELIVERED
1176,8742cdd5-1610-4472-b3dc-de4d54223d77,b3dc9dcd-7883-4fd9-b5bd-08a0496aeafe,Congratulations on your achievement!,TEXT,2025-02-15 08:59:10.817,READ
1177,8742cdd5-1610-4472-b3dc-de4d54223d77,b3dc9dcd-7883-4fd9-b5bd-08a0496aeafe,Where are you?,TEXT,2025-03-09 14:43:10.817,READ
1178,ff1f145b-9dd1-447c-91af-7502c17775e3,ba1a10af-b0b8-4cb3-8e45-301986fc6d4b,Call me when you're free.,TEXT,2025-02-12 19:47:10.817,DELIVERED
1179,b3dc9dcd-7883-4fd9-b5bd-08a0496aeafe,ff1f145b-9dd1-447c-91af-7502c17775e3,Good morning!,TEXT,2025-02-11 20:00:10.817,READ
1180,d26b7a65-19a4-4143-a8b2-3ce289b06405,bb461247-b0a6-4dcd-b18d-16cddb605a3e,Call me when you're free.,TEXT,2025-03-04 13:20:10.817,READ
1181,bb461247-b0a6-4dcd-b18d-16cddb605a3e,ba1a10af-b0b8-4cb3-8e45-301986fc6d4b,I'll be there in 10 mins.,TEXT,2025-02-15 05:05:10.817,READ
1182,bb461247-b0a6-4dcd-b18d-16cddb605a3e,e12d414f-869e-4944-b7fc-92bad20398a3,Let's meet tomorrow.,TEXT,2025-03-10 09:10:10.817,DELETED
1183,ff1f145b-9dd1-447c-91af-7502c17775e3,8742cdd5-1610-4472-b3dc-de4d54223d77,See you later.,TEXT,2025-02-23 00:22:10.817,PENDING
1184,b3dc9dcd-7883-4fd9-b5bd-08a0496aeafe,8742cdd5-1610-4472-b3dc-de4d54223d77,Happy Birthday!,TEXT,2025-02-17 19:52:10.817,PENDING
1185,e12d414f-869e-4944-b7fc-92bad20398a3,bb461247-b0a6-4dcd-b18d-16cddb605a3e,See you later.,TEXT,2025-02-24 23:36:10.817,DELETED
1186,8742cdd5-1610-4472-b3dc-de4d54223d77,bb461247-b0a6-4dcd-b18d-16cddb605a3e,I'll be there in 10 mins.,TEXT,2025-02-14 18:49:10.817,DELETED
1187,ba1a10af-b0b8-4cb3-8e45-301986fc6d4b,d26b7a65-19a4-4143-a8b2-3ce289b06405,Good night!,TEXT,2025-02-26 07:03:10.817,READ
1188,8742cdd5-1610-4472-b3dc-de4d54223d77,bb461247-b0a6-4dcd-b18d-16cddb605a3e,Happy Birthday!,TEXT,2025-02-27 22:03:10.817,READ
1189,e12d414f-869e-4944-b7fc-92bad20398a3,bb461247-b0a6-4dcd-b18d-16cddb605a3e,"Hey, how are you?",TEXT,2025-02-25 18:25:10.817,READ
1190,ba1a10af-b0b8-4cb3-8e45-301986fc6d4b,d26b7a65-19a4-4143-a8b2-3ce289b06405,Happy Birthday!,TEXT,2025-03-09 18:02:10.817,DELIVERED
1191,bb461247-b0a6-4dcd-b18d-16cddb605a3e,d26b7a65-19a4-4143-a8b2-3ce289b06405,Happy Birthday!,TEXT,2025-02-17 12:21:10.817,PENDING
1192,ff1f145b-9dd1-447c-91af-7502c17775e3,bb461247-b0a6-4dcd-b18d-16cddb605a3e,Call me when you're free.,TEXT,2025-03-05 03:37:10.817,READ
1193,b3dc9dcd-7883-4fd9-b5bd-08a0496aeafe,ba1a10af-b0b8-4cb3-8e45-301986fc6d4b,See you later.,TEXT,2025-02-17 11:53:10.817,READ
1194,b3dc9dcd-7883-4fd9-b5bd-08a0496aeafe,ba1a10af-b0b8-4cb3-8e45-301986fc6d4b,Take care!,TEXT,2025-02-24 17:02:10.817,PENDING
1195,ff1f145b-9dd1-447c-91af-7502c17775e3,b3dc9dcd-7883-4fd9-b5bd-08a0496aeafe,Where are you?,TEXT,2025-02-24 21:01:10.817,DELIVERED
1196,ff1f145b-9dd1-447c-91af-7502c17775e3,ba1a10af-b0b8-4cb3-8e45-301986fc6d4b,I'll be there in 10 mins.,TEXT,2025-02-21 06:11:10.817,READ
1197,ba1a10af-b0b8-4cb3-8e45-301986fc6d4b,ff1f145b-9dd1-447c-91af-7502c17775e3,Happy Birthday!,TEXT,2025-02-15 10:45:10.817,PENDING
1198,8742cdd5-1610-4472-b3dc-de4d54223d77,e12d414f-869e-4944-b7fc-92bad20398a3,Have a great day!,TEXT,2025-03-02 12:26:10.817,READ
1199,ba1a10af-b0b8-4cb3-8e45-301986fc6d4b,8742cdd5-1610-4472-b3dc-de4d54223d77,Good night!,TEXT,2025-03-09 09:55:10.817,DELETED
1200,d26b7a65-19a4-4143-a8b2-3ce289b06405,ff1f145b-9dd1-447c-91af-7502c17775e3,Did you complete the task?,TEXT,2025-02-18 09:48:10.817,DELETED
1201,ba1a10af-b0b8-4cb3-8e45-301986fc6d4b,8742cdd5-1610-4472-b3dc-de4d54223d77,I'll be there in 10 mins.,TEXT,2025-03-08 02:12:10.817,DELIVERED
1202,bb461247-b0a6-4dcd-b18d-16cddb605a3e,b3dc9dcd-7883-4fd9-b5bd-08a0496aeafe,Call me when you're free.,TEXT,2025-02-17 15:37:10.817,DELETED
1203,d26b7a65-19a4-4143-a8b2-3ce289b06405,e12d414f-869e-4944-b7fc-92bad20398a3,Congratulations on your achievement!,TEXT,2025-03-10 11:46:10.817,READ
1204,b3dc9dcd-7883-4fd9-b5bd-08a0496aeafe,ba1a10af-b0b8-4cb3-8e45-301986fc6d4b,Congratulations on your achievement!,TEXT,2025-02-28 16:25:10.817,DELIVERED
1205,bb461247-b0a6-4dcd-b18d-16cddb605a3e,8742cdd5-1610-4472-b3dc-de4d54223d77,Where are you?,TEXT,2025-03-01 00:26:10.817,DELETED
1206,e12d414f-869e-4944-b7fc-92bad20398a3,ff1f145b-9dd1-447c-91af-7502c17775e3,See you later.,TEXT,2025-02-21 13:02:10.817,READ
1207,ba1a10af-b0b8-4cb3-8e45-301986fc6d4b,b3dc9dcd-7883-4fd9-b5bd-08a0496aeafe,See you later.,TEXT,2025-02-21 04:32:10.817,READ
1208,bb461247-b0a6-4dcd-b18d-16cddb605a3e,ba1a10af-b0b8-4cb3-8e45-301986fc6d4b,Let's go for lunch.,TEXT,2025-02-15 23:19:10.817,READ
1209,e12d414f-869e-4944-b7fc-92bad20398a3,b3dc9dcd-7883-4fd9-b5bd-08a0496aeafe,Let's meet tomorrow.,TEXT,2025-03-02 17:34:10.817,READ
1210,b3dc9dcd-7883-4fd9-b5bd-08a0496aeafe,ba1a10af-b0b8-4cb3-8e45-301986fc6d4b,See you later.,TEXT,2025-03-05 19:34:10.817,DELETED
1211,d26b7a65-19a4-4143-a8b2-3ce289b06405,ff1f145b-9dd1-447c-91af-7502c17775e3,Where are you?,TEXT,2025-02-20 09:31:10.817,PENDING
1212,b3dc9dcd-7883-4fd9-b5bd-08a0496aeafe,d26b7a65-19a4-4143-a8b2-3ce289b06405,Let's go for lunch.,TEXT,2025-03-08 02:58:10.817,READ
1213,ff1f145b-9dd1-447c-91af-7502c17775e3,d26b7a65-19a4-4143-a8b2-3ce289b06405,I'll be there in 10 mins.,TEXT,2025-02-15 22:31:10.817,DELIVERED
1214,8742cdd5-1610-4472-b3dc-de4d54223d77,e12d414f-869e-4944-b7fc-92bad20398a3,Call me when you're free.,TEXT,2025-02-23 05:06:10.817,PENDING
1215,8742cdd5-1610-4472-b3dc-de4d54223d77,bb461247-b0a6-4dcd-b18d-16cddb605a3e,What's up?,TEXT,2025-02-27 00:19:10.817,DELIVERED
1216,d26b7a65-19a4-4143-a8b2-3ce289b06405,ba1a10af-b0b8-4cb3-8e45-301986fc6d4b,See you later.,TEXT,2025-02-20 21:57:10.817,DELIVERED
1217,8742cdd5-1610-4472-b3dc-de4d54223d77,ff1f145b-9dd1-447c-91af-7502c17775e3,Good morning!,TEXT,2025-03-10 03:22:10.817,DELIVERED
1218,ba1a10af-b0b8-4cb3-8e45-301986fc6d4b,e12d414f-869e-4944-b7fc-92bad20398a3,Congratulations on your achievement!,TEXT,2025-03-03 20:32:10.817,PENDING
1219,b3dc9dcd-7883-4fd9-b5bd-08a0496aeafe,8742cdd5-1610-4472-b3dc-de4d54223d77,Good night!,TEXT,2025-02-11 18:01:10.817,READ
1220,b3dc9dcd-7883-4fd9-b5bd-08a0496aeafe,bb461247-b0a6-4dcd-b18d-16cddb605a3e,Have a great day!,TEXT,2025-03-04 11:52:10.817,PENDING
1221,b3dc9dcd-7883-4fd9-b5bd-08a0496aeafe,e12d414f-869e-4944-b7fc-92bad20398a3,Have a great day!,TEXT,2025-02-25 01:25:10.817,READ
1222,e12d414f-869e-4944-b7fc-92bad20398a3,ba1a10af-b0b8-4cb3-8e45-301986fc6d4b,See you later.,TEXT,2025-02-28 05:15:10.817,DELIVERED
1223,b3dc9dcd-7883-4fd9-b5bd-08a0496aeafe,bb461247-b0a6-4dcd-b18d-16cddb605a3e,See you later.,TEXT,2025-03-05 04:40:10.817,DELETED
1224,8742cdd5-1610-4472-b3dc-de4d54223d77,e12d414f-869e-4944-b7fc-92bad20398a3,Happy Birthday!,TEXT,2025-03-06 20:02:10.817,DELIVERED
1225,8742cdd5-1610-4472-b3dc-de4d54223d77,ba1a10af-b0b8-4cb3-8e45-301986fc6d4b,Did you complete the task?,TEXT,2025-02-17 15:52:10.817,READ
1226,ff1f145b-9dd1-447c-91af-7502c17775e3,e12d414f-869e-4944-b7fc-92bad20398a3,Take care!,TEXT,2025-02-25 12:14:10.817,DELETED
1227,bb461247-b0a6-4dcd-b18d-16cddb605a3e,d26b7a65-19a4-4143-a8b2-3ce289b06405,Congratulations on your achievement!,TEXT,2025-03-07 23:25:10.817,READ
1228,e12d414f-869e-4944-b7fc-92bad20398a3,ff1f145b-9dd1-447c-91af-7502c17775e3,See you later.,TEXT,2025-02-11 00:12:10.817,DELIVERED
1229,e12d414f-869e-4944-b7fc-92bad20398a3,bb461247-b0a6-4dcd-b18d-16cddb605a3e,Let's meet tomorrow.,TEXT,2025-02-18 21:15:10.817,PENDING
1230,d26b7a65-19a4-4143-a8b2-3ce289b06405,8742cdd5-1610-4472-b3dc-de4d54223d77,Congratulations on your achievement!,TEXT,2025-03-10 17:09:10.817,DELETED
1231,8742cdd5-1610-4472-b3dc-de4d54223d77,ff1f145b-9dd1-447c-91af-7502c17775e3,See you later.,TEXT,2025-03-09 00:39:10.817,DELIVERED
1232,ff1f145b-9dd1-447c-91af-7502c17775e3,b3dc9dcd-7883-4fd9-b5bd-08a0496aeafe,Where are you?,TEXT,2025-02-25 18:43:10.817,DELETED
1233,b3dc9dcd-7883-4fd9-b5bd-08a0496aeafe,d26b7a65-19a4-4143-a8b2-3ce289b06405,Have a great day!,TEXT,2025-02-15 01:02:10.817,PENDING
1234,ff1f145b-9dd1-447c-91af-7502c17775e3,e12d414f-869e-4944-b7fc-92bad20398a3,Good night!,TEXT,2025-02-28 15:49:10.817,READ
1235,bb461247-b0a6-4dcd-b18d-16cddb605a3e,8742cdd5-1610-4472-b3dc-de4d54223d77,See you later.,TEXT,2025-03-05 02:22:10.817,READ
1236,b3dc9dcd-7883-4fd9-b5bd-08a0496aeafe,e12d414f-869e-4944-b7fc-92bad20398a3,See you later.,TEXT,2025-02-24 20:21:10.817,READ
1237,e12d414f-869e-4944-b7fc-92bad20398a3,bb461247-b0a6-4dcd-b18d-16cddb605a3e,Happy Birthday!,TEXT,2025-03-08 20:23:10.817,PENDING
1238,bb461247-b0a6-4dcd-b18d-16cddb605a3e,ba1a10af-b0b8-4cb3-8e45-301986fc6d4b,Let's go for lunch.,TEXT,2025-02-11 17:21:10.817,PENDING
1239,ff1f145b-9dd1-447c-91af-7502c17775e3,e12d414f-869e-4944-b7fc-92bad20398a3,What's up?,TEXT,2025-03-08 11:40:10.817,DELETED
1240,ff1f145b-9dd1-447c-91af-7502c17775e3,8742cdd5-1610-4472-b3dc-de4d54223d77,"Hey, how are you?",TEXT,2025-03-04 13:44:10.817,DELETED
1241,b3dc9dcd-7883-4fd9-b5bd-08a0496aeafe,d26b7a65-19a4-4143-a8b2-3ce289b06405,Let's go for lunch.,TEXT,2025-02-20 14:35:10.817,READ
1242,bb461247-b0a6-4dcd-b18d-16cddb605a3e,d26b7a65-19a4-4143-a8b2-3ce289b06405,Congratulations on your achievement!,TEXT,2025-02-16 14:34:10.817,PENDING
1243,ba1a10af-b0b8-4cb3-8e45-301986fc6d4b,bb461247-b0a6-4dcd-b18d-16cddb605a3e,Have a great day!,TEXT,2025-02-25 12:22:10.817,DELETED
1244,ba1a10af-b0b8-4cb3-8e45-301986fc6d4b,e12d414f-869e-4944-b7fc-92bad20398a3,Let's go for lunch.,TEXT,2025-02-16 15:54:10.817,DELETED
1245,ff1f145b-9dd1-447c-91af-7502c17775e3,bb461247-b0a6-4dcd-b18d-16cddb605a3e,Take care!,TEXT,2025-02-18 16:20:10.817,PENDING
1246,ff1f145b-9dd1-447c-91af-7502c17775e3,bb461247-b0a6-4dcd-b18d-16cddb605a3e,Let's go for lunch.,TEXT,2025-03-08 17:37:10.817,DELETED
1247,e12d414f-869e-4944-b7fc-92bad20398a3,bb461247-b0a6-4dcd-b18d-16cddb605a3e,What's up?,TEXT,2025-02-22 12:26:10.817,PENDING
1248,ff1f145b-9dd1-447c-91af-7502c17775e3,bb461247-b0a6-4dcd-b18d-16cddb605a3e,I'll be there in 10 mins.,TEXT,2025-02-15 15:01:10.817,READ
1249,d26b7a65-19a4-4143-a8b2-3ce289b06405,ba1a10af-b0b8-4cb3-8e45-301986fc6d4b,Did you complete the task?,TEXT,2025-03-03 20:21:10.817,DELETED
1250,e12d414f-869e-4944-b7fc-92bad20398a3,ff1f145b-9dd1-447c-91af-7502c17775e3,What's up?,TEXT,2025-03-10 10:47:10.817,DELETED
1251,8742cdd5-1610-4472-b3dc-de4d54223d77,d26b7a65-19a4-4143-a8b2-3ce289b06405,Happy Birthday!,TEXT,2025-02-28 00:25:10.817,PENDING
1252,8742cdd5-1610-4472-b3dc-de4d54223d77,b3dc9dcd-7883-4fd9-b5bd-08a0496aeafe,Did you complete the task?,TEXT,2025-02-28 02:50:10.817,DELETED
1253,e12d414f-869e-4944-b7fc-92bad20398a3,8742cdd5-1610-4472-b3dc-de4d54223d77,See you later.,TEXT,2025-02-24 05:38:10.817,DELETED
1254,bb461247-b0a6-4dcd-b18d-16cddb605a3e,ff1f145b-9dd1-447c-91af-7502c17775e3,What's up?,TEXT,2025-03-12 00:52:10.817,DELIVERED
1255,ff1f145b-9dd1-447c-91af-7502c17775e3,ba1a10af-b0b8-4cb3-8e45-301986fc6d4b,Take care!,TEXT,2025-03-04 00:41:10.817,PENDING
1256,ba1a10af-b0b8-4cb3-8e45-301986fc6d4b,e12d414f-869e-4944-b7fc-92bad20398a3,Happy Birthday!,TEXT,2025-02-11 14:54:10.817,PENDING
1257,ba1a10af-b0b8-4cb3-8e45-301986fc6d4b,d26b7a65-19a4-4143-a8b2-3ce289b06405,Happy Birthday!,TEXT,2025-03-08 04:58:10.817,DELETED
1258,e12d414f-869e-4944-b7fc-92bad20398a3,ba1a10af-b0b8-4cb3-8e45-301986fc6d4b,"Hey, how are you?",TEXT,2025-02-23 04:30:10.817,DELIVERED
1259,e12d414f-869e-4944-b7fc-92bad20398a3,ff1f145b-9dd1-447c-91af-7502c17775e3,Happy Birthday!,TEXT,2025-03-06 16:51:10.817,DELIVERED
1260,e12d414f-869e-4944-b7fc-92bad20398a3,bb461247-b0a6-4dcd-b18d-16cddb605a3e,Have a great day!,TEXT,2025-02-28 18:18:10.817,DELETED
1261,b3dc9dcd-7883-4fd9-b5bd-08a0496aeafe,bb461247-b0a6-4dcd-b18d-16cddb605a3e,Congratulations on your achievement!,TEXT,2025-03-10 22:16:10.817,PENDING
1262,bb461247-b0a6-4dcd-b18d-16cddb605a3e,d26b7a65-19a4-4143-a8b2-3ce289b06405,What's up?,TEXT,2025-03-07 09:16:10.817,DELETED
1263,ba1a10af-b0b8-4cb3-8e45-301986fc6d4b,b3dc9dcd-7883-4fd9-b5bd-08a0496aeafe,Call me when you're free.,TEXT,2025-02-16 18:39:10.817,READ
1264,ba1a10af-b0b8-4cb3-8e45-301986fc6d4b,bb461247-b0a6-4dcd-b18d-16cddb605a3e,Take care!,TEXT,2025-02-11 04:59:10.817,DELETED
1265,ba1a10af-b0b8-4cb3-8e45-301986fc6d4b,d26b7a65-19a4-4143-a8b2-3ce289b06405,Have a great day!,TEXT,2025-02-15 02:38:10.817,PENDING
1266,ff1f145b-9dd1-447c-91af-7502c17775e3,e12d414f-869e-4944-b7fc-92bad20398a3,Happy Birthday!,TEXT,2025-02-16 07:17:10.817,DELETED
1267,d26b7a65-19a4-4143-a8b2-3ce289b06405,ba1a10af-b0b8-4cb3-8e45-301986fc6d4b,Did you complete the task?,TEXT,2025-02-22 11:07:10.817,DELETED
1268,8742cdd5-1610-4472-b3dc-de4d54223d77,ff1f145b-9dd1-447c-91af-7502c17775e3,Did you complete the task?,TEXT,2025-02-18 03:43:10.817,DELIVERED
1269,e12d414f-869e-4944-b7fc-92bad20398a3,ba1a10af-b0b8-4cb3-8e45-301986fc6d4b,Let's meet tomorrow.,TEXT,2025-02-21 08:17:10.817,READ
1270,bb461247-b0a6-4dcd-b18d-16cddb605a3e,e12d414f-869e-4944-b7fc-92bad20398a3,Have a great day!,TEXT,2025-02-25 21:51:10.817,DELIVERED
1271,d26b7a65-19a4-4143-a8b2-3ce289b06405,b3dc9dcd-7883-4fd9-b5bd-08a0496aeafe,Call me when you're free.,TEXT,2025-02-11 19:04:10.817,READ
1272,bb461247-b0a6-4dcd-b18d-16cddb605a3e,ba1a10af-b0b8-4cb3-8e45-301986fc6d4b,"Hey, how are you?",TEXT,2025-02-19 02:13:10.817,PENDING
1273,bb461247-b0a6-4dcd-b18d-16cddb605a3e,e12d414f-869e-4944-b7fc-92bad20398a3,Let's go for lunch.,TEXT,2025-02-26 06:10:10.817,DELETED
1274,bb461247-b0a6-4dcd-b18d-16cddb605a3e,8742cdd5-1610-4472-b3dc-de4d54223d77,Did you complete the task?,TEXT,2025-02-21 03:00:10.817,READ
1275,d26b7a65-19a4-4143-a8b2-3ce289b06405,b3dc9dcd-7883-4fd9-b5bd-08a0496aeafe,"Hey, how are you?",TEXT,2025-02-20 19:05:10.817,DELIVERED
1276,ba1a10af-b0b8-4cb3-8e45-301986fc6d4b,e12d414f-869e-4944-b7fc-92bad20398a3,Take care!,TEXT,2025-02-28 04:46:10.817,PENDING
1277,d26b7a65-19a4-4143-a8b2-3ce289b06405,ff1f145b-9dd1-447c-91af-7502c17775e3,"Hey, how are you?",TEXT,2025-02-16 16:54:10.817,READ
1278,bb461247-b0a6-4dcd-b18d-16cddb605a3e,ff1f145b-9dd1-447c-91af-7502c17775e3,Where are you?,TEXT,2025-02-12 19:05:10.817,PENDING
1279,b3dc9dcd-7883-4fd9-b5bd-08a0496aeafe,8742cdd5-1610-4472-b3dc-de4d54223d77,Let's meet tomorrow.,TEXT,2025-03-01 22:52:10.817,PENDING
1280,d26b7a65-19a4-4143-a8b2-3ce289b06405,ba1a10af-b0b8-4cb3-8e45-301986fc6d4b,Did you complete the task?,TEXT,2025-03-01 04:38:10.817,DELIVERED
1281,ff1f145b-9dd1-447c-91af-7502c17775e3,b3dc9dcd-7883-4fd9-b5bd-08a0496aeafe,Congratulations on your achievement!,TEXT,2025-02-11 12:34:10.817,READ
1282,bb461247-b0a6-4dcd-b18d-16cddb605a3e,ff1f145b-9dd1-447c-91af-7502c17775e3,See you later.,TEXT,2025-03-04 20:47:10.817,DELIVERED
1283,8742cdd5-1610-4472-b3dc-de4d54223d77,b3dc9dcd-7883-4fd9-b5bd-08a0496aeafe,Where are you?,TEXT,2025-03-01 23:46:10.817,DELETED
1284,e12d414f-869e-4944-b7fc-92bad20398a3,ba1a10af-b0b8-4cb3-8e45-301986fc6d4b,Call me when you're free.,TEXT,2025-02-17 03:52:10.817,PENDING
1285,8742cdd5-1610-4472-b3dc-de4d54223d77,e12d414f-869e-4944-b7fc-92bad20398a3,Where are you?,TEXT,2025-02-22 16:32:10.817,DELIVERED
1286,ff1f145b-9dd1-447c-91af-7502c17775e3,bb461247-b0a6-4dcd-b18d-16cddb605a3e,Take care!,TEXT,2025-03-02 23:34:10.817,READ
1287,8742cdd5-1610-4472-b3dc-de4d54223d77,ff1f145b-9dd1-447c-91af-7502c17775e3,Let's go for lunch.,TEXT,2025-02-23 22:16:10.817,READ
1288,e12d414f-869e-4944-b7fc-92bad20398a3,bb461247-b0a6-4dcd-b18d-16cddb605a3e,Let's meet tomorrow.,TEXT,2025-03-05 07:27:10.817,DELETED
1289,8742cdd5-1610-4472-b3dc-de4d54223d77,d26b7a65-19a4-4143-a8b2-3ce289b06405,Did you complete the task?,TEXT,2025-03-10 03:02:10.817,DELIVERED
1290,8742cdd5-1610-4472-b3dc-de4d54223d77,e12d414f-869e-4944-b7fc-92bad20398a3,Happy Birthday!,TEXT,2025-02-24 05:24:10.817,READ
1291,b3dc9dcd-7883-4fd9-b5bd-08a0496aeafe,8742cdd5-1610-4472-b3dc-de4d54223d77,Good morning!,TEXT,2025-02-24 18:39:10.817,DELIVERED
1292,b3dc9dcd-7883-4fd9-b5bd-08a0496aeafe,ff1f145b-9dd1-447c-91af-7502c17775e3,Did you complete the task?,TEXT,2025-02-14 20:09:10.817,READ
1293,bb461247-b0a6-4dcd-b18d-16cddb605a3e,ff1f145b-9dd1-447c-91af-7502c17775e3,What's up?,TEXT,2025-02-26 21:31:10.817,READ
1294,d26b7a65-19a4-4143-a8b2-3ce289b06405,bb461247-b0a6-4dcd-b18d-16cddb605a3e,Call me when you're free.,TEXT,2025-03-10 01:25:10.817,DELIVERED
1295,8742cdd5-1610-4472-b3dc-de4d54223d77,bb461247-b0a6-4dcd-b18d-16cddb605a3e,Good night!,TEXT,2025-03-12 13:40:10.817,READ
1296,ba1a10af-b0b8-4cb3-8e45-301986fc6d4b,8742cdd5-1610-4472-b3dc-de4d54223d77,Congratulations on your achievement!,TEXT,2025-02-18 01:23:10.817,DELETED
1297,ff1f145b-9dd1-447c-91af-7502c17775e3,8742cdd5-1610-4472-b3dc-de4d54223d77,I'll be there in 10 mins.,TEXT,2025-02-27 16:03:10.817,DELETED
1298,b3dc9dcd-7883-4fd9-b5bd-08a0496aeafe,d26b7a65-19a4-4143-a8b2-3ce289b06405,Take care!,TEXT,2025-02-11 03:46:10.817,DELETED
1299,ba1a10af-b0b8-4cb3-8e45-301986fc6d4b,d26b7a65-19a4-4143-a8b2-3ce289b06405,Where are you?,TEXT,2025-03-10 05:38:10.817,DELETED
1300,ff1f145b-9dd1-447c-91af-7502c17775e3,b3dc9dcd-7883-4fd9-b5bd-08a0496aeafe,Where are you?,TEXT,2025-02-25 22:30:10.817,DELETED
1301,e12d414f-869e-4944-b7fc-92bad20398a3,ba1a10af-b0b8-4cb3-8e45-301986fc6d4b,Let's go for lunch.,TEXT,2025-02-22 23:55:10.817,DELETED
1302,ba1a10af-b0b8-4cb3-8e45-301986fc6d4b,b3dc9dcd-7883-4fd9-b5bd-08a0496aeafe,Call me when you're free.,TEXT,2025-03-12 02:25:10.817,DELIVERED
1303,d26b7a65-19a4-4143-a8b2-3ce289b06405,bb461247-b0a6-4dcd-b18d-16cddb605a3e,I'll be there in 10 mins.,TEXT,2025-03-11 17:42:10.817,READ
1304,ff1f145b-9dd1-447c-91af-7502c17775e3,ba1a10af-b0b8-4cb3-8e45-301986fc6d4b,Good morning!,TEXT,2025-03-10 03:13:10.817,DELIVERED
1305,e12d414f-869e-4944-b7fc-92bad20398a3,d26b7a65-19a4-4143-a8b2-3ce289b06405,See you later.,TEXT,2025-03-09 22:30:10.817,PENDING
1306,b3dc9dcd-7883-4fd9-b5bd-08a0496aeafe,bb461247-b0a6-4dcd-b18d-16cddb605a3e,I'll be there in 10 mins.,TEXT,2025-02-12 23:38:10.817,READ
1307,ba1a10af-b0b8-4cb3-8e45-301986fc6d4b,ff1f145b-9dd1-447c-91af-7502c17775e3,I'll be there in 10 mins.,TEXT,2025-02-21 05:29:10.817,DELIVERED
1308,8742cdd5-1610-4472-b3dc-de4d54223d77,ff1f145b-9dd1-447c-91af-7502c17775e3,Have a great day!,TEXT,2025-02-12 11:05:10.817,DELETED
1309,e12d414f-869e-4944-b7fc-92bad20398a3,8742cdd5-1610-4472-b3dc-de4d54223d77,Did you complete the task?,TEXT,2025-03-10 10:40:10.817,READ
1310,bb461247-b0a6-4dcd-b18d-16cddb605a3e,ba1a10af-b0b8-4cb3-8e45-301986fc6d4b,What's up?,TEXT,2025-02-15 14:27:10.817,PENDING
1311,ff1f145b-9dd1-447c-91af-7502c17775e3,e12d414f-869e-4944-b7fc-92bad20398a3,Congratulations on your achievement!,TEXT,2025-02-14 06:18:10.817,DELETED
1312,e12d414f-869e-4944-b7fc-92bad20398a3,bb461247-b0a6-4dcd-b18d-16cddb605a3e,Let's meet tomorrow.,TEXT,2025-02-11 02:47:10.817,DELIVERED
1313,ff1f145b-9dd1-447c-91af-7502c17775e3,8742cdd5-1610-4472-b3dc-de4d54223d77,Good morning!,TEXT,2025-03-09 03:07:10.817,READ
1314,d26b7a65-19a4-4143-a8b2-3ce289b06405,8742cdd5-1610-4472-b3dc-de4d54223d77,Good morning!,TEXT,2025-02-26 12:24:10.817,PENDING
1315,d26b7a65-19a4-4143-a8b2-3ce289b06405,ba1a10af-b0b8-4cb3-8e45-301986fc6d4b,What's up?,TEXT,2025-02-27 11:03:10.817,DELIVERED
1316,b3dc9dcd-7883-4fd9-b5bd-08a0496aeafe,ba1a10af-b0b8-4cb3-8e45-301986fc6d4b,"Hey, how are you?",TEXT,2025-02-27 11:57:10.817,DELIVERED
1317,ba1a10af-b0b8-4cb3-8e45-301986fc6d4b,b3dc9dcd-7883-4fd9-b5bd-08a0496aeafe,Good morning!,TEXT,2025-03-10 17:53:10.817,READ
1318,8742cdd5-1610-4472-b3dc-de4d54223d77,ff1f145b-9dd1-447c-91af-7502c17775e3,Congratulations on your achievement!,TEXT,2025-02-10 23:06:10.817,DELETED
1319,d26b7a65-19a4-4143-a8b2-3ce289b06405,b3dc9dcd-7883-4fd9-b5bd-08a0496aeafe,"Hey, how are you?",TEXT,2025-02-11 02:38:10.817,READ
1320,e12d414f-869e-4944-b7fc-92bad20398a3,ba1a10af-b0b8-4cb3-8e45-301986fc6d4b,Where are you?,TEXT,2025-03-01 22:43:10.817,DELIVERED
1321,ba1a10af-b0b8-4cb3-8e45-301986fc6d4b,d26b7a65-19a4-4143-a8b2-3ce289b06405,I'll be there in 10 mins.,TEXT,2025-02-13 14:20:10.817,PENDING
1322,ba1a10af-b0b8-4cb3-8e45-301986fc6d4b,bb461247-b0a6-4dcd-b18d-16cddb605a3e,Good night!,TEXT,2025-03-08 17:03:10.817,DELETED
1323,ff1f145b-9dd1-447c-91af-7502c17775e3,8742cdd5-1610-4472-b3dc-de4d54223d77,I'll be there in 10 mins.,TEXT,2025-02-19 16:36:10.817,DELIVERED
1324,d26b7a65-19a4-4143-a8b2-3ce289b06405,ba1a10af-b0b8-4cb3-8e45-301986fc6d4b,See you later.,TEXT,2025-02-24 12:48:10.817,DELETED
1325,8742cdd5-1610-4472-b3dc-de4d54223d77,bb461247-b0a6-4dcd-b18d-16cddb605a3e,I'll be there in 10 mins.,TEXT,2025-02-21 16:17:10.817,DELIVERED
1326,8742cdd5-1610-4472-b3dc-de4d54223d77,bb461247-b0a6-4dcd-b18d-16cddb605a3e,Call me when you're free.,TEXT,2025-02-16 13:17:10.817,DELIVERED
1327,d26b7a65-19a4-4143-a8b2-3ce289b06405,e12d414f-869e-4944-b7fc-92bad20398a3,Good night!,TEXT,2025-03-10 01:40:10.817,PENDING
1328,b3dc9dcd-7883-4fd9-b5bd-08a0496aeafe,ff1f145b-9dd1-447c-91af-7502c17775e3,Good night!,TEXT,2025-03-03 14:29:10.817,READ
1329,b3dc9dcd-7883-4fd9-b5bd-08a0496aeafe,ff1f145b-9dd1-447c-91af-7502c17775e3,"Hey, how are you?",TEXT,2025-02-22 15:34:10.817,DELETED
1330,d26b7a65-19a4-4143-a8b2-3ce289b06405,ff1f145b-9dd1-447c-91af-7502c17775e3,Take care!,TEXT,2025-02-23 17:36:10.817,DELIVERED
1331,ff1f145b-9dd1-447c-91af-7502c17775e3,e12d414f-869e-4944-b7fc-92bad20398a3,Where are you?,TEXT,2025-03-05 05:01:10.817,READ
1332,e12d414f-869e-4944-b7fc-92bad20398a3,8742cdd5-1610-4472-b3dc-de4d54223d77,Happy Birthday!,TEXT,2025-03-09 01:23:10.817,PENDING
1333,b3dc9dcd-7883-4fd9-b5bd-08a0496aeafe,ba1a10af-b0b8-4cb3-8e45-301986fc6d4b,Take care!,TEXT,2025-03-09 12:27:10.817,PENDING
1334,ff1f145b-9dd1-447c-91af-7502c17775e3,8742cdd5-1610-4472-b3dc-de4d54223d77,Let's meet tomorrow.,TEXT,2025-02-18 00:22:10.817,READ
1335,bb461247-b0a6-4dcd-b18d-16cddb605a3e,ff1f145b-9dd1-447c-91af-7502c17775e3,See you later.,TEXT,2025-03-12 10:54:10.817,READ
1336,bb461247-b0a6-4dcd-b18d-16cddb605a3e,e12d414f-869e-4944-b7fc-92bad20398a3,Did you complete the task?,TEXT,2025-02-26 02:06:10.817,DELETED
1337,d26b7a65-19a4-4143-a8b2-3ce289b06405,ba1a10af-b0b8-4cb3-8e45-301986fc6d4b,I'll be there in 10 mins.,TEXT,2025-02-27 16:59:10.817,DELETED
1338,ba1a10af-b0b8-4cb3-8e45-301986fc6d4b,bb461247-b0a6-4dcd-b18d-16cddb605a3e,See you later.,TEXT,2025-03-10 06:59:10.817,PENDING
1339,d26b7a65-19a4-4143-a8b2-3ce289b06405,bb461247-b0a6-4dcd-b18d-16cddb605a3e,Call me when you're free.,TEXT,2025-03-03 09:04:10.817,PENDING
1340,e12d414f-869e-4944-b7fc-92bad20398a3,ff1f145b-9dd1-447c-91af-7502c17775e3,Call me when you're free.,TEXT,2025-02-12 18:20:10.817,PENDING
1341,b3dc9dcd-7883-4fd9-b5bd-08a0496aeafe,8742cdd5-1610-4472-b3dc-de4d54223d77,Where are you?,TEXT,2025-02-26 13:37:10.817,PENDING
1342,e12d414f-869e-4944-b7fc-92bad20398a3,bb461247-b0a6-4dcd-b18d-16cddb605a3e,See you later.,TEXT,2025-02-22 04:04:10.817,DELETED
1343,8742cdd5-1610-4472-b3dc-de4d54223d77,ba1a10af-b0b8-4cb3-8e45-301986fc6d4b,Happy Birthday!,TEXT,2025-02-23 10:38:10.817,READ
1344,bb461247-b0a6-4dcd-b18d-16cddb605a3e,b3dc9dcd-7883-4fd9-b5bd-08a0496aeafe,Where are you?,TEXT,2025-02-24 02:19:10.817,DELIVERED
1345,d26b7a65-19a4-4143-a8b2-3ce289b06405,ba1a10af-b0b8-4cb3-8e45-301986fc6d4b,Where are you?,TEXT,2025-03-03 03:08:10.817,DELIVERED
1346,ff1f145b-9dd1-447c-91af-7502c17775e3,e12d414f-869e-4944-b7fc-92bad20398a3,Good night!,TEXT,2025-02-12 07:37:10.817,PENDING
1347,ba1a10af-b0b8-4cb3-8e45-301986fc6d4b,bb461247-b0a6-4dcd-b18d-16cddb605a3e,Let's meet tomorrow.,TEXT,2025-03-11 21:16:10.817,PENDING
1348,8742cdd5-1610-4472-b3dc-de4d54223d77,bb461247-b0a6-4dcd-b18d-16cddb605a3e,Congratulations on your achievement!,TEXT,2025-02-11 10:30:10.817,DELIVERED
1349,bb461247-b0a6-4dcd-b18d-16cddb605a3e,e12d414f-869e-4944-b7fc-92bad20398a3,Congratulations on your achievement!,TEXT,2025-03-11 06:31:10.817,DELIVERED
1350,d26b7a65-19a4-4143-a8b2-3ce289b06405,ff1f145b-9dd1-447c-91af-7502c17775e3,Good night!,TEXT,2025-02-14 16:56:10.817,READ
1351,ba1a10af-b0b8-4cb3-8e45-301986fc6d4b,ff1f145b-9dd1-447c-91af-7502c17775e3,Let's meet tomorrow.,TEXT,2025-02-14 08:15:10.817,DELIVERED
1352,ff1f145b-9dd1-447c-91af-7502c17775e3,ba1a10af-b0b8-4cb3-8e45-301986fc6d4b,Let's meet tomorrow.,TEXT,2025-02-25 20:47:10.817,DELIVERED
1353,ba1a10af-b0b8-4cb3-8e45-301986fc6d4b,e12d414f-869e-4944-b7fc-92bad20398a3,Did you complete the task?,TEXT,2025-02-19 01:37:10.817,PENDING
1354,ff1f145b-9dd1-447c-91af-7502c17775e3,ba1a10af-b0b8-4cb3-8e45-301986fc6d4b,Call me when you're free.,TEXT,2025-03-09 12:19:10.817,DELETED
1355,e12d414f-869e-4944-b7fc-92bad20398a3,8742cdd5-1610-4472-b3dc-de4d54223d77,Good night!,TEXT,2025-03-03 02:29:10.817,DELETED
1356,ff1f145b-9dd1-447c-91af-7502c17775e3,b3dc9dcd-7883-4fd9-b5bd-08a0496aeafe,Congratulations on your achievement!,TEXT,2025-03-12 08:50:10.817,DELIVERED
1357,e12d414f-869e-4944-b7fc-92bad20398a3,ff1f145b-9dd1-447c-91af-7502c17775e3,Call me when you're free.,TEXT,2025-03-02 05:48:10.817,DELIVERED
1358,8742cdd5-1610-4472-b3dc-de4d54223d77,d26b7a65-19a4-4143-a8b2-3ce289b06405,Have a great day!,TEXT,2025-03-05 02:05:10.817,DELETED
1359,b3dc9dcd-7883-4fd9-b5bd-08a0496aeafe,ba1a10af-b0b8-4cb3-8e45-301986fc6d4b,Did you complete the task?,TEXT,2025-03-11 12:41:10.817,DELETED
1360,ff1f145b-9dd1-447c-91af-7502c17775e3,bb461247-b0a6-4dcd-b18d-16cddb605a3e,Let's meet tomorrow.,TEXT,2025-02-23 08:08:10.817,READ
1361,d26b7a65-19a4-4143-a8b2-3ce289b06405,ff1f145b-9dd1-447c-91af-7502c17775e3,Let's meet tomorrow.,TEXT,2025-02-18 00:11:10.817,DELIVERED
1362,d26b7a65-19a4-4143-a8b2-3ce289b06405,ba1a10af-b0b8-4cb3-8e45-301986fc6d4b,Take care!,TEXT,2025-02-16 04:30:10.817,DELETED
1363,e12d414f-869e-4944-b7fc-92bad20398a3,ba1a10af-b0b8-4cb3-8e45-301986fc6d4b,Call me when you're free.,TEXT,2025-02-14 21:31:10.817,DELETED
1364,bb461247-b0a6-4dcd-b18d-16cddb605a3e,b3dc9dcd-7883-4fd9-b5bd-08a0496aeafe,Good morning!,TEXT,2025-02-21 09:49:10.817,DELIVERED
1365,ff1f145b-9dd1-447c-91af-7502c17775e3,d26b7a65-19a4-4143-a8b2-3ce289b06405,Where are you?,TEXT,2025-03-01 05:53:10.817,PENDING
1366,d26b7a65-19a4-4143-a8b2-3ce289b06405,bb461247-b0a6-4dcd-b18d-16cddb605a3e,What's up?,TEXT,2025-02-17 22:54:10.817,PENDING
1367,ff1f145b-9dd1-447c-91af-7502c17775e3,d26b7a65-19a4-4143-a8b2-3ce289b06405,Where are you?,TEXT,2025-02-11 07:05:10.817,DELETED
1368,ba1a10af-b0b8-4cb3-8e45-301986fc6d4b,8742cdd5-1610-4472-b3dc-de4d54223d77,Call me when you're free.,TEXT,2025-02-15 19:17:10.817,DELETED
1369,bb461247-b0a6-4dcd-b18d-16cddb605a3e,e12d414f-869e-4944-b7fc-92bad20398a3,Let's meet tomorrow.,TEXT,2025-03-09 14:20:10.817,DELIVERED
1370,b3dc9dcd-7883-4fd9-b5bd-08a0496aeafe,e12d414f-869e-4944-b7fc-92bad20398a3,Where are you?,TEXT,2025-03-09 16:29:10.817,PENDING
1371,b3dc9dcd-7883-4fd9-b5bd-08a0496aeafe,8742cdd5-1610-4472-b3dc-de4d54223d77,Where are you?,TEXT,2025-02-17 22:44:10.817,DELETED
1372,8742cdd5-1610-4472-b3dc-de4d54223d77,ff1f145b-9dd1-447c-91af-7502c17775e3,Let's meet tomorrow.,TEXT,2025-03-06 10:57:10.817,DELETED
1373,8742cdd5-1610-4472-b3dc-de4d54223d77,d26b7a65-19a4-4143-a8b2-3ce289b06405,"Hey, how are you?",TEXT,2025-02-25 09:46:10.817,READ
1374,ba1a10af-b0b8-4cb3-8e45-301986fc6d4b,8742cdd5-1610-4472-b3dc-de4d54223d77,What's up?,TEXT,2025-03-08 19:43:10.817,DELIVERED
1375,ff1f145b-9dd1-447c-91af-7502c17775e3,b3dc9dcd-7883-4fd9-b5bd-08a0496aeafe,Where are you?,TEXT,2025-03-07 17:55:10.817,PENDING
1376,bb461247-b0a6-4dcd-b18d-16cddb605a3e,ff1f145b-9dd1-447c-91af-7502c17775e3,Good night!,TEXT,2025-02-11 23:42:10.817,PENDING
1377,bb461247-b0a6-4dcd-b18d-16cddb605a3e,8742cdd5-1610-4472-b3dc-de4d54223d77,Good night!,TEXT,2025-02-18 12:57:10.817,PENDING
1378,bb461247-b0a6-4dcd-b18d-16cddb605a3e,ff1f145b-9dd1-447c-91af-7502c17775e3,Take care!,TEXT,2025-02-27 07:18:10.817,DELETED
1379,e12d414f-869e-4944-b7fc-92bad20398a3,bb461247-b0a6-4dcd-b18d-16cddb605a3e,Good morning!,TEXT,2025-02-11 05:28:10.817,DELIVERED
1380,8742cdd5-1610-4472-b3dc-de4d54223d77,e12d414f-869e-4944-b7fc-92bad20398a3,Good night!,TEXT,2025-03-09 20:50:10.817,READ
1381,bb461247-b0a6-4dcd-b18d-16cddb605a3e,b3dc9dcd-7883-4fd9-b5bd-08a0496aeafe,Call me when you're free.,TEXT,2025-02-18 11:52:10.817,PENDING
1382,ba1a10af-b0b8-4cb3-8e45-301986fc6d4b,d26b7a65-19a4-4143-a8b2-3ce289b06405,Where are you?,TEXT,2025-02-20 16:01:10.817,READ
1383,d26b7a65-19a4-4143-a8b2-3ce289b06405,e12d414f-869e-4944-b7fc-92bad20398a3,Where are you?,TEXT,2025-02-13 12:39:10.817,READ
1384,bb461247-b0a6-4dcd-b18d-16cddb605a3e,b3dc9dcd-7883-4fd9-b5bd-08a0496aeafe,Take care!,TEXT,2025-02-10 17:16:10.817,PENDING
1385,ba1a10af-b0b8-4cb3-8e45-301986fc6d4b,ff1f145b-9dd1-447c-91af-7502c17775e3,Take care!,TEXT,2025-02-13 05:27:10.817,PENDING
1386,8742cdd5-1610-4472-b3dc-de4d54223d77,b3dc9dcd-7883-4fd9-b5bd-08a0496aeafe,Good morning!,TEXT,2025-03-02 19:30:10.817,PENDING
1387,bb461247-b0a6-4dcd-b18d-16cddb605a3e,8742cdd5-1610-4472-b3dc-de4d54223d77,Call me when you're free.,TEXT,2025-02-18 10:16:10.817,DELIVERED
1388,ba1a10af-b0b8-4cb3-8e45-301986fc6d4b,8742cdd5-1610-4472-b3dc-de4d54223d77,Congratulations on your achievement!,TEXT,2025-02-18 09:20:10.817,PENDING
1389,bb461247-b0a6-4dcd-b18d-16cddb605a3e,ff1f145b-9dd1-447c-91af-7502c17775e3,"Hey, how are you?",TEXT,2025-02-16 07:25:10.817,PENDING
1390,ff1f145b-9dd1-447c-91af-7502c17775e3,e12d414f-869e-4944-b7fc-92bad20398a3,Have a great day!,TEXT,2025-03-03 20:33:10.817,DELETED
1391,ba1a10af-b0b8-4cb3-8e45-301986fc6d4b,e12d414f-869e-4944-b7fc-92bad20398a3,Congratulations on your achievement!,TEXT,2025-02-16 04:01:10.817,DELETED
1392,ff1f145b-9dd1-447c-91af-7502c17775e3,8742cdd5-1610-4472-b3dc-de4d54223d77,Take care!,TEXT,2025-03-09 22:04:10.817,PENDING
1393,8742cdd5-1610-4472-b3dc-de4d54223d77,bb461247-b0a6-4dcd-b18d-16cddb605a3e,Congratulations on your achievement!,TEXT,2025-02-26 21:22:10.817,DELETED
1394,bb461247-b0a6-4dcd-b18d-16cddb605a3e,ba1a10af-b0b8-4cb3-8e45-301986fc6d4b,Where are you?,TEXT,2025-03-10 00:20:10.817,PENDING
1395,ba1a10af-b0b8-4cb3-8e45-301986fc6d4b,bb461247-b0a6-4dcd-b18d-16cddb605a3e,Have a great day!,TEXT,2025-03-06 09:26:10.817,READ
1396,8742cdd5-1610-4472-b3dc-de4d54223d77,e12d414f-869e-4944-b7fc-92bad20398a3,I'll be there in 10 mins.,TEXT,2025-02-13 21:59:10.817,DELIVERED
1397,d26b7a65-19a4-4143-a8b2-3ce289b06405,ff1f145b-9dd1-447c-91af-7502c17775e3,Did you complete the task?,TEXT,2025-02-15 04:16:10.817,DELETED
1398,d26b7a65-19a4-4143-a8b2-3ce289b06405,bb461247-b0a6-4dcd-b18d-16cddb605a3e,Let's go for lunch.,TEXT,2025-02-28 14:17:10.817,DELIVERED
1399,8742cdd5-1610-4472-b3dc-de4d54223d77,b3dc9dcd-7883-4fd9-b5bd-08a0496aeafe,Take care!,TEXT,2025-03-10 08:24:10.817,DELIVERED
1400,8742cdd5-1610-4472-b3dc-de4d54223d77,bb461247-b0a6-4dcd-b18d-16cddb605a3e,Where are you?,TEXT,2025-02-14 19:34:10.817,PENDING
1401,8742cdd5-1610-4472-b3dc-de4d54223d77,ba1a10af-b0b8-4cb3-8e45-301986fc6d4b,Take care!,TEXT,2025-02-15 04:19:10.817,DELETED
1402,bb461247-b0a6-4dcd-b18d-16cddb605a3e,b3dc9dcd-7883-4fd9-b5bd-08a0496aeafe,"Hey, how are you?",TEXT,2025-03-01 13:03:10.817,READ
1403,ba1a10af-b0b8-4cb3-8e45-301986fc6d4b,8742cdd5-1610-4472-b3dc-de4d54223d77,Call me when you're free.,TEXT,2025-02-13 17:54:10.817,READ
1404,8742cdd5-1610-4472-b3dc-de4d54223d77,b3dc9dcd-7883-4fd9-b5bd-08a0496aeafe,"Hey, how are you?",TEXT,2025-03-07 02:31:10.817,READ
1405,bb461247-b0a6-4dcd-b18d-16cddb605a3e,d26b7a65-19a4-4143-a8b2-3ce289b06405,See you later.,TEXT,2025-03-08 07:05:10.817,DELIVERED
1406,ff1f145b-9dd1-447c-91af-7502c17775e3,8742cdd5-1610-4472-b3dc-de4d54223d77,What's up?,TEXT,2025-02-28 05:03:10.817,READ
1407,8742cdd5-1610-4472-b3dc-de4d54223d77,e12d414f-869e-4944-b7fc-92bad20398a3,Congratulations on your achievement!,TEXT,2025-02-21 18:23:10.817,DELETED
1408,d26b7a65-19a4-4143-a8b2-3ce289b06405,ff1f145b-9dd1-447c-91af-7502c17775e3,Take care!,TEXT,2025-02-20 06:44:10.817,DELETED
1409,8742cdd5-1610-4472-b3dc-de4d54223d77,d26b7a65-19a4-4143-a8b2-3ce289b06405,What's up?,TEXT,2025-02-11 15:42:10.817,DELETED
1410,bb461247-b0a6-4dcd-b18d-16cddb605a3e,b3dc9dcd-7883-4fd9-b5bd-08a0496aeafe,Congratulations on your achievement!,TEXT,2025-02-23 17:57:10.817,DELETED
1411,b3dc9dcd-7883-4fd9-b5bd-08a0496aeafe,8742cdd5-1610-4472-b3dc-de4d54223d77,Let's go for lunch.,TEXT,2025-03-08 05:18:10.817,READ
1412,d26b7a65-19a4-4143-a8b2-3ce289b06405,8742cdd5-1610-4472-b3dc-de4d54223d77,See you later.,TEXT,2025-03-02 05:22:10.817,DELETED
1413,bb461247-b0a6-4dcd-b18d-16cddb605a3e,8742cdd5-1610-4472-b3dc-de4d54223d77,Call me when you're free.,TEXT,2025-02-25 20:05:10.817,DELIVERED
1414,d26b7a65-19a4-4143-a8b2-3ce289b06405,8742cdd5-1610-4472-b3dc-de4d54223d77,Have a great day!,TEXT,2025-02-22 23:23:10.817,PENDING
1415,d26b7a65-19a4-4143-a8b2-3ce289b06405,bb461247-b0a6-4dcd-b18d-16cddb605a3e,Call me when you're free.,TEXT,2025-03-04 20:43:10.817,DELETED
1416,ff1f145b-9dd1-447c-91af-7502c17775e3,8742cdd5-1610-4472-b3dc-de4d54223d77,"Hey, how are you?",TEXT,2025-02-14 05:17:10.817,PENDING
1417,ba1a10af-b0b8-4cb3-8e45-301986fc6d4b,e12d414f-869e-4944-b7fc-92bad20398a3,Good night!,TEXT,2025-03-12 02:17:10.817,READ
1418,b3dc9dcd-7883-4fd9-b5bd-08a0496aeafe,d26b7a65-19a4-4143-a8b2-3ce289b06405,See you later.,TEXT,2025-02-11 14:18:10.817,PENDING
1419,ba1a10af-b0b8-4cb3-8e45-301986fc6d4b,8742cdd5-1610-4472-b3dc-de4d54223d77,Good night!,TEXT,2025-02-27 18:36:10.817,DELIVERED
1420,ba1a10af-b0b8-4cb3-8e45-301986fc6d4b,ff1f145b-9dd1-447c-91af-7502c17775e3,Where are you?,TEXT,2025-03-08 20:02:10.817,READ
1421,ff1f145b-9dd1-447c-91af-7502c17775e3,ba1a10af-b0b8-4cb3-8e45-301986fc6d4b,"Hey, how are you?",TEXT,2025-02-20 01:39:10.817,PENDING
1422,bb461247-b0a6-4dcd-b18d-16cddb605a3e,ff1f145b-9dd1-447c-91af-7502c17775e3,What's up?,TEXT,2025-02-12 15:22:10.817,PENDING
1423,ba1a10af-b0b8-4cb3-8e45-301986fc6d4b,e12d414f-869e-4944-b7fc-92bad20398a3,Congratulations on your achievement!,TEXT,2025-02-14 21:01:10.817,DELETED
1424,b3dc9dcd-7883-4fd9-b5bd-08a0496aeafe,8742cdd5-1610-4472-b3dc-de4d54223d77,Have a great day!,TEXT,2025-03-09 04:54:10.817,DELIVERED
1425,e12d414f-869e-4944-b7fc-92bad20398a3,ba1a10af-b0b8-4cb3-8e45-301986fc6d4b,Good night!,TEXT,2025-03-03 01:00:10.817,READ
1426,bb461247-b0a6-4dcd-b18d-16cddb605a3e,ff1f145b-9dd1-447c-91af-7502c17775e3,Congratulations on your achievement!,TEXT,2025-03-04 19:06:10.817,DELETED
1427,b3dc9dcd-7883-4fd9-b5bd-08a0496aeafe,bb461247-b0a6-4dcd-b18d-16cddb605a3e,"Hey, how are you?",TEXT,2025-02-11 09:14:10.817,DELIVERED
1428,b3dc9dcd-7883-4fd9-b5bd-08a0496aeafe,ba1a10af-b0b8-4cb3-8e45-301986fc6d4b,Good night!,TEXT,2025-02-27 07:49:10.817,READ
1429,e12d414f-869e-4944-b7fc-92bad20398a3,bb461247-b0a6-4dcd-b18d-16cddb605a3e,What's up?,TEXT,2025-02-11 14:32:10.817,DELIVERED
1430,e12d414f-869e-4944-b7fc-92bad20398a3,8742cdd5-1610-4472-b3dc-de4d54223d77,Happy Birthday!,TEXT,2025-02-14 12:25:10.817,DELETED
1431,ff1f145b-9dd1-447c-91af-7502c17775e3,8742cdd5-1610-4472-b3dc-de4d54223d77,Happy Birthday!,TEXT,2025-03-04 03:24:10.817,PENDING
1432,bb461247-b0a6-4dcd-b18d-16cddb605a3e,ba1a10af-b0b8-4cb3-8e45-301986fc6d4b,Have a great day!,TEXT,2025-02-20 01:21:10.817,DELETED
1433,b3dc9dcd-7883-4fd9-b5bd-08a0496aeafe,ff1f145b-9dd1-447c-91af-7502c17775e3,Call me when you're free.,TEXT,2025-02-13 23:07:10.817,DELETED
1434,bb461247-b0a6-4dcd-b18d-16cddb605a3e,e12d414f-869e-4944-b7fc-92bad20398a3,Call me when you're free.,TEXT,2025-02-26 13:46:10.817,PENDING
1435,e12d414f-869e-4944-b7fc-92bad20398a3,bb461247-b0a6-4dcd-b18d-16cddb605a3e,See you later.,TEXT,2025-02-13 09:27:10.817,DELETED
1436,d26b7a65-19a4-4143-a8b2-3ce289b06405,ff1f145b-9dd1-447c-91af-7502c17775e3,Have a great day!,TEXT,2025-02-22 00:10:10.817,PENDING
1437,d26b7a65-19a4-4143-a8b2-3ce289b06405,ff1f145b-9dd1-447c-91af-7502c17775e3,Let's meet tomorrow.,TEXT,2025-02-13 07:54:10.817,READ
1438,bb461247-b0a6-4dcd-b18d-16cddb605a3e,b3dc9dcd-7883-4fd9-b5bd-08a0496aeafe,Good morning!,TEXT,2025-02-20 21:32:10.817,PENDING
1439,d26b7a65-19a4-4143-a8b2-3ce289b06405,e12d414f-869e-4944-b7fc-92bad20398a3,Take care!,TEXT,2025-02-10 16:22:10.817,PENDING
1440,ff1f145b-9dd1-447c-91af-7502c17775e3,d26b7a65-19a4-4143-a8b2-3ce289b06405,Have a great day!,TEXT,2025-02-10 17:47:10.817,READ
1441,e12d414f-869e-4944-b7fc-92bad20398a3,8742cdd5-1610-4472-b3dc-de4d54223d77,I'll be there in 10 mins.,TEXT,2025-03-03 02:08:10.817,DELETED
1442,ff1f145b-9dd1-447c-91af-7502c17775e3,e12d414f-869e-4944-b7fc-92bad20398a3,Congratulations on your achievement!,TEXT,2025-03-11 14:06:10.817,READ
1443,d26b7a65-19a4-4143-a8b2-3ce289b06405,e12d414f-869e-4944-b7fc-92bad20398a3,Good morning!,TEXT,2025-02-22 10:49:10.817,DELETED
1444,e12d414f-869e-4944-b7fc-92bad20398a3,ba1a10af-b0b8-4cb3-8e45-301986fc6d4b,What's up?,TEXT,2025-02-18 08:39:10.817,DELETED
1445,d26b7a65-19a4-4143-a8b2-3ce289b06405,ba1a10af-b0b8-4cb3-8e45-301986fc6d4b,Let's go for lunch.,TEXT,2025-03-10 21:09:10.817,DELETED
1446,ff1f145b-9dd1-447c-91af-7502c17775e3,d26b7a65-19a4-4143-a8b2-3ce289b06405,Good morning!,TEXT,2025-02-10 20:25:10.817,DELETED
1447,8742cdd5-1610-4472-b3dc-de4d54223d77,d26b7a65-19a4-4143-a8b2-3ce289b06405,See you later.,TEXT,2025-02-23 08:20:10.817,READ
1448,ff1f145b-9dd1-447c-91af-7502c17775e3,ba1a10af-b0b8-4cb3-8e45-301986fc6d4b,Where are you?,TEXT,2025-02-23 13:42:10.817,READ
1449,ba1a10af-b0b8-4cb3-8e45-301986fc6d4b,ff1f145b-9dd1-447c-91af-7502c17775e3,What's up?,TEXT,2025-02-18 03:17:10.817,PENDING
1450,8742cdd5-1610-4472-b3dc-de4d54223d77,b3dc9dcd-7883-4fd9-b5bd-08a0496aeafe,Take care!,TEXT,2025-02-24 02:03:10.817,READ
1451,e12d414f-869e-4944-b7fc-92bad20398a3,ff1f145b-9dd1-447c-91af-7502c17775e3,Call me when you're free.,TEXT,2025-02-28 17:50:10.817,DELETED
1452,ff1f145b-9dd1-447c-91af-7502c17775e3,d26b7a65-19a4-4143-a8b2-3ce289b06405,Let's meet tomorrow.,TEXT,2025-02-12 01:06:10.817,PENDING
1453,d26b7a65-19a4-4143-a8b2-3ce289b06405,bb461247-b0a6-4dcd-b18d-16cddb605a3e,Where are you?,TEXT,2025-02-20 13:22:10.817,READ
1454,b3dc9dcd-7883-4fd9-b5bd-08a0496aeafe,e12d414f-869e-4944-b7fc-92bad20398a3,Congratulations on your achievement!,TEXT,2025-02-16 05:45:10.817,DELETED
1455,bb461247-b0a6-4dcd-b18d-16cddb605a3e,ba1a10af-b0b8-4cb3-8e45-301986fc6d4b,Take care!,TEXT,2025-03-02 08:49:10.817,DELIVERED
1456,bb461247-b0a6-4dcd-b18d-16cddb605a3e,ba1a10af-b0b8-4cb3-8e45-301986fc6d4b,Let's meet tomorrow.,TEXT,2025-02-28 12:19:10.817,PENDING
1457,d26b7a65-19a4-4143-a8b2-3ce289b06405,ba1a10af-b0b8-4cb3-8e45-301986fc6d4b,Good morning!,TEXT,2025-02-19 15:15:10.817,PENDING
1458,bb461247-b0a6-4dcd-b18d-16cddb605a3e,e12d414f-869e-4944-b7fc-92bad20398a3,What's up?,TEXT,2025-02-12 12:41:10.817,DELIVERED
1459,8742cdd5-1610-4472-b3dc-de4d54223d77,bb461247-b0a6-4dcd-b18d-16cddb605a3e,Have a great day!,TEXT,2025-02-15 18:32:10.817,READ
1460,d26b7a65-19a4-4143-a8b2-3ce289b06405,ba1a10af-b0b8-4cb3-8e45-301986fc6d4b,Congratulations on your achievement!,TEXT,2025-02-24 14:32:10.817,DELETED
1461,ba1a10af-b0b8-4cb3-8e45-301986fc6d4b,d26b7a65-19a4-4143-a8b2-3ce289b06405,See you later.,TEXT,2025-03-06 20:35:10.817,DELETED
1462,8742cdd5-1610-4472-b3dc-de4d54223d77,bb461247-b0a6-4dcd-b18d-16cddb605a3e,See you later.,TEXT,2025-03-05 13:59:10.817,DELETED
1463,bb461247-b0a6-4dcd-b18d-16cddb605a3e,8742cdd5-1610-4472-b3dc-de4d54223d77,Let's meet tomorrow.,TEXT,2025-02-11 18:21:10.817,PENDING
1464,b3dc9dcd-7883-4fd9-b5bd-08a0496aeafe,bb461247-b0a6-4dcd-b18d-16cddb605a3e,I'll be there in 10 mins.,TEXT,2025-02-11 19:26:10.817,PENDING
1465,8742cdd5-1610-4472-b3dc-de4d54223d77,b3dc9dcd-7883-4fd9-b5bd-08a0496aeafe,Have a great day!,TEXT,2025-03-12 09:16:10.817,DELIVERED
1466,ba1a10af-b0b8-4cb3-8e45-301986fc6d4b,ff1f145b-9dd1-447c-91af-7502c17775e3,Did you complete the task?,TEXT,2025-02-16 03:10:10.817,DELETED
1467,ff1f145b-9dd1-447c-91af-7502c17775e3,d26b7a65-19a4-4143-a8b2-3ce289b06405,Call me when you're free.,TEXT,2025-03-11 02:18:10.817,DELIVERED
1468,e12d414f-869e-4944-b7fc-92bad20398a3,8742cdd5-1610-4472-b3dc-de4d54223d77,Call me when you're free.,TEXT,2025-02-18 04:14:10.817,DELIVERED
1469,8742cdd5-1610-4472-b3dc-de4d54223d77,bb461247-b0a6-4dcd-b18d-16cddb605a3e,I'll be there in 10 mins.,TEXT,2025-02-26 12:28:10.817,DELETED
1470,bb461247-b0a6-4dcd-b18d-16cddb605a3e,8742cdd5-1610-4472-b3dc-de4d54223d77,Good morning!,TEXT,2025-02-19 11:36:10.817,DELIVERED
1471,8742cdd5-1610-4472-b3dc-de4d54223d77,d26b7a65-19a4-4143-a8b2-3ce289b06405,Take care!,TEXT,2025-03-08 09:07:10.817,DELIVERED
1472,e12d414f-869e-4944-b7fc-92bad20398a3,b3dc9dcd-7883-4fd9-b5bd-08a0496aeafe,Let's meet tomorrow.,TEXT,2025-03-05 12:14:10.817,DELETED
1473,bb461247-b0a6-4dcd-b18d-16cddb605a3e,ba1a10af-b0b8-4cb3-8e45-301986fc6d4b,Happy Birthday!,TEXT,2025-02-28 00:56:10.817,DELETED
1474,e12d414f-869e-4944-b7fc-92bad20398a3,ff1f145b-9dd1-447c-91af-7502c17775e3,I'll be there in 10 mins.,TEXT,2025-03-05 23:20:10.817,DELIVERED
1475,8742cdd5-1610-4472-b3dc-de4d54223d77,ba1a10af-b0b8-4cb3-8e45-301986fc6d4b,I'll be there in 10 mins.,TEXT,2025-02-20 04:40:10.817,DELIVERED
1476,b3dc9dcd-7883-4fd9-b5bd-08a0496aeafe,8742cdd5-1610-4472-b3dc-de4d54223d77,Happy Birthday!,TEXT,2025-03-01 10:23:10.817,DELETED
1477,8742cdd5-1610-4472-b3dc-de4d54223d77,d26b7a65-19a4-4143-a8b2-3ce289b06405,See you later.,TEXT,2025-02-19 00:13:10.817,DELIVERED
1478,8742cdd5-1610-4472-b3dc-de4d54223d77,ff1f145b-9dd1-447c-91af-7502c17775e3,See you later.,TEXT,2025-03-08 22:21:10.817,DELETED
1479,ba1a10af-b0b8-4cb3-8e45-301986fc6d4b,d26b7a65-19a4-4143-a8b2-3ce289b06405,Good morning!,TEXT,2025-02-23 08:13:10.817,READ
1480,8742cdd5-1610-4472-b3dc-de4d54223d77,ba1a10af-b0b8-4cb3-8e45-301986fc6d4b,I'll be there in 10 mins.,TEXT,2025-03-07 20:32:10.817,DELETED
1481,bb461247-b0a6-4dcd-b18d-16cddb605a3e,ba1a10af-b0b8-4cb3-8e45-301986fc6d4b,Did you complete the task?,TEXT,2025-03-09 07:23:10.817,READ
1482,8742cdd5-1610-4472-b3dc-de4d54223d77,e12d414f-869e-4944-b7fc-92bad20398a3,Good morning!,TEXT,2025-02-10 20:38:10.817,DELETED
1483,b3dc9dcd-7883-4fd9-b5bd-08a0496aeafe,bb461247-b0a6-4dcd-b18d-16cddb605a3e,Take care!,TEXT,2025-02-20 10:05:10.817,PENDING
1484,ff1f145b-9dd1-447c-91af-7502c17775e3,8742cdd5-1610-4472-b3dc-de4d54223d77,Let's go for lunch.,TEXT,2025-02-28 11:11:10.817,PENDING
1485,ba1a10af-b0b8-4cb3-8e45-301986fc6d4b,b3dc9dcd-7883-4fd9-b5bd-08a0496aeafe,I'll be there in 10 mins.,TEXT,2025-03-12 08:58:10.817,PENDING
1486,ba1a10af-b0b8-4cb3-8e45-301986fc6d4b,8742cdd5-1610-4472-b3dc-de4d54223d77,Good morning!,TEXT,2025-02-20 05:45:10.817,READ
1487,ba1a10af-b0b8-4cb3-8e45-301986fc6d4b,e12d414f-869e-4944-b7fc-92bad20398a3,Let's go for lunch.,TEXT,2025-03-07 14:37:10.817,READ
1488,d26b7a65-19a4-4143-a8b2-3ce289b06405,8742cdd5-1610-4472-b3dc-de4d54223d77,Congratulations on your achievement!,TEXT,2025-03-04 13:46:10.817,PENDING
1489,e12d414f-869e-4944-b7fc-92bad20398a3,bb461247-b0a6-4dcd-b18d-16cddb605a3e,Have a great day!,TEXT,2025-02-25 21:05:10.817,PENDING
1490,8742cdd5-1610-4472-b3dc-de4d54223d77,ff1f145b-9dd1-447c-91af-7502c17775e3,What's up?,TEXT,2025-02-15 07:25:10.817,DELETED
1491,8742cdd5-1610-4472-b3dc-de4d54223d77,d26b7a65-19a4-4143-a8b2-3ce289b06405,"Hey, how are you?",TEXT,2025-02-28 05:03:10.817,READ
1492,d26b7a65-19a4-4143-a8b2-3ce289b06405,ff1f145b-9dd1-447c-91af-7502c17775e3,Let's go for lunch.,TEXT,2025-03-10 15:19:10.817,DELIVERED
1493,bb461247-b0a6-4dcd-b18d-16cddb605a3e,b3dc9dcd-7883-4fd9-b5bd-08a0496aeafe,Good morning!,TEXT,2025-03-10 01:28:10.817,DELIVERED
1494,8742cdd5-1610-4472-b3dc-de4d54223d77,ba1a10af-b0b8-4cb3-8e45-301986fc6d4b,Good night!,TEXT,2025-02-18 15:47:10.817,READ
1495,b3dc9dcd-7883-4fd9-b5bd-08a0496aeafe,8742cdd5-1610-4472-b3dc-de4d54223d77,Where are you?,TEXT,2025-03-04 01:09:10.817,DELIVERED
1496,b3dc9dcd-7883-4fd9-b5bd-08a0496aeafe,ff1f145b-9dd1-447c-91af-7502c17775e3,Where are you?,TEXT,2025-02-27 07:13:10.817,DELIVERED
1497,e12d414f-869e-4944-b7fc-92bad20398a3,8742cdd5-1610-4472-b3dc-de4d54223d77,Let's go for lunch.,TEXT,2025-02-19 00:08:10.817,DELETED
1498,bb461247-b0a6-4dcd-b18d-16cddb605a3e,ff1f145b-9dd1-447c-91af-7502c17775e3,Did you complete the task?,TEXT,2025-02-22 08:59:10.817,READ
1499,bb461247-b0a6-4dcd-b18d-16cddb605a3e,d26b7a65-19a4-4143-a8b2-3ce289b06405,Did you complete the task?,TEXT,2025-03-10 17:14:10.817,DELIVERED
1500,e12d414f-869e-4944-b7fc-92bad20398a3,8742cdd5-1610-4472-b3dc-de4d54223d77,What's up?,TEXT,2025-02-25 19:04:10.817,DELETED
